Player,Total_Runs,Balls_Faced,Total_Balls,Times_Out,Matches_Played,4s,6s,Strike_Rate,Batting_Average,Wickets,Balls_Bowled,Runs_Conceded,Overs_Bowled,Economy,Fantasy_Batting,Fantasy_Bowling,Total_Fantasy_Points
A Ashish Reddy,280.0,196.0,196.0,15.0,23.0,16.0,15.0,142.85714285714286,18.666666666666668,19.0,270.0,400.0,45.0,8.88888888888889,324.0,499.0,823.0
A Badoni,161.0,139.0,139.0,9.0,11.0,11.0,7.0,115.8273381294964,17.88888888888889,2.0,12.0,12.0,2.0,6.0,196.0,50.0,246.0
A Chandila,4.0,7.0,7.0,1.0,2.0,0.0,0.0,57.14285714285714,4.0,11.0,234.0,245.0,39.0,6.282051282051282,2.0,299.0,301.0
A Chopra,53.0,75.0,75.0,5.0,6.0,7.0,0.0,70.66666666666667,10.6,0.0,0.0,0.0,0.0,0.0,62.0,0.0,62.0
A Choudhary,25.0,20.0,20.0,2.0,3.0,1.0,1.0,125.0,12.5,5.0,108.0,144.0,18.0,8.0,24.0,149.0,173.0
A Dananjaya,4.0,5.0,5.0,0.0,1.0,0.0,0.0,80.0,4.0,0.0,25.0,47.0,4.1,11.28,4.0,-4.0,0.0
A Flintoff,62.0,57.0,57.0,2.0,3.0,5.0,2.0,108.77192982456141,31.0,2.0,66.0,106.0,11.0,9.636363636363637,79.0,48.0,127.0
A Kumble,35.0,49.0,49.0,2.0,15.0,3.0,0.0,71.42857142857143,17.5,49.0,983.0,1089.0,163.5,6.646998982706002,38.0,1249.0,1287.0
A Manohar,108.0,79.0,79.0,6.0,7.0,14.0,3.0,136.70886075949366,18.0,0.0,0.0,0.0,0.0,0.0,144.0,0.0,144.0
A Mishra,362.0,410.0,410.0,30.0,54.0,29.0,5.0,88.29268292682927,12.066666666666666,175.0,3317.0,4022.0,552.5,7.275248718721736,369.0,4399.0,4768.0
A Mithun,34.0,26.0,26.0,5.0,6.0,4.0,1.0,130.76923076923077,6.8,8.0,312.0,477.0,52.0,9.173076923076923,34.0,222.0,256.0
A Mukund,19.0,23.0,23.0,2.0,2.0,1.0,0.0,82.6086956521739,9.5,0.0,0.0,0.0,0.0,0.0,16.0,0.0,16.0
A Nehra,41.0,63.0,63.0,8.0,17.0,3.0,1.0,65.07936507936508,5.125,121.0,1974.0,2537.0,329.0,7.711246200607903,34.0,3049.0,3083.0
A Nel,0.0,0.0,0.0,0.0,0.0,0.0,0.0,0.0,0.0,1.0,18.0,31.0,3.0,10.333333333333334,0.0,23.0,23.0
A Nortje,8.0,13.0,13.0,1.0,4.0,0.0,0.0,61.53846153846154,8.0,44.0,706.0,946.0,117.4,8.039660056657224,6.0,1124.0,1130.0
A Singh,2.0,10.0,10.0,4.0,5.0,0.0,0.0,20.0,0.5,31.0,486.0,639.0,81.0,7.888888888888889,-6.0,799.0,793.0
A Symonds,974.0,781.0,781.0,26.0,36.0,74.0,41.0,124.71190781049937,37.46153846153846,23.0,540.0,694.0,90.0,7.711111111111111,1106.0,599.0,1705.0
A Tomar,4.0,8.0,8.0,1.0,1.0,1.0,0.0,50.0,4.0,0.0,0.0,0.0,0.0,0.0,3.0,0.0,3.0
A Uniyal,4.0,7.0,7.0,1.0,2.0,0.0,0.0,57.14285714285714,4.0,3.0,38.0,67.0,6.2,10.578947368421053,2.0,81.0,83.0
A Zampa,5.0,8.0,8.0,2.0,2.0,1.0,0.0,62.5,2.5,21.0,292.0,373.0,48.4,7.664383561643836,2.0,549.0,551.0
AA Bilakhia,69.0,88.0,88.0,5.0,7.0,5.0,0.0,78.4090909090909,13.8,0.0,0.0,0.0,0.0,0.0,76.0,0.0,76.0
AA Chavan,12.0,11.0,11.0,1.0,3.0,2.0,0.0,109.09090909090908,12.0,8.0,255.0,339.0,42.3,7.976470588235294,12.0,224.0,236.0
AA Jhunjhunwala,217.0,218.0,218.0,14.0,15.0,19.0,5.0,99.54128440366972,15.5,1.0,88.0,130.0,14.4,8.863636363636363,246.0,25.0,271.0
AA Kazi,0.0,0.0,0.0,0.0,0.0,0.0,0.0,0.0,0.0,1.0,13.0,21.0,2.1,9.692307692307693,0.0,23.0,23.0
AA Noffke,9.0,12.0,12.0,1.0,1.0,1.0,0.0,75.0,9.0,1.0,25.0,41.0,4.1,9.84,8.0,23.0,31.0
AB Agarkar,179.0,160.0,160.0,8.0,18.0,13.0,5.0,111.87499999999999,22.375,33.0,820.0,1174.0,136.4,8.590243902439026,214.0,849.0,1063.0
AB Barath,42.0,43.0,43.0,2.0,3.0,5.0,1.0,97.67441860465115,21.0,0.0,0.0,0.0,0.0,0.0,49.0,0.0,49.0
AB Dinda,26.0,50.0,50.0,9.0,16.0,2.0,0.0,52.0,2.888888888888889,82.0,1589.0,2103.0,264.5,7.940843297671492,10.0,2074.0,2084.0
AB McDonald,123.0,103.0,103.0,5.0,9.0,9.0,4.0,119.41747572815532,24.6,14.0,188.0,263.0,31.2,8.393617021276595,158.0,374.0,532.0
AB de Villiers,5181.0,3487.0,3487.0,125.0,170.0,414.0,253.0,148.58044164037855,41.448,0.0,0.0,0.0,0.0,0.0,5879.0,0.0,5879.0
AC Blizzard,120.0,91.0,91.0,7.0,7.0,21.0,2.0,131.86813186813185,17.142857142857142,0.0,0.0,0.0,0.0,0.0,159.0,0.0,159.0
AC Gilchrist,2069.0,1555.0,1555.0,76.0,80.0,239.0,92.0,133.05466237942122,27.223684210526315,1.0,1.0,0.0,0.1,0.0,2368.0,25.0,2393.0
AC Thomas,20.0,19.0,19.0,2.0,4.0,1.0,1.0,105.26315789473684,10.0,16.0,327.0,416.0,54.3,7.63302752293578,19.0,424.0,443.0
AC Voges,181.0,143.0,143.0,6.0,7.0,15.0,3.0,126.57342657342659,30.166666666666668,1.0,56.0,76.0,9.2,8.142857142857142,218.0,25.0,243.0
AD Hales,148.0,119.0,119.0,6.0,6.0,13.0,6.0,124.36974789915966,24.666666666666668,0.0,0.0,0.0,0.0,0.0,189.0,0.0,189.0
AD Mascarenhas,79.0,79.0,79.0,10.0,11.0,5.0,1.0,100.0,7.9,19.0,310.0,365.0,51.4,7.064516129032258,78.0,499.0,577.0
AD Mathews,724.0,599.0,599.0,31.0,41.0,44.0,29.0,120.86811352253757,23.35483870967742,28.0,807.0,1095.0,134.3,8.141263940520446,792.0,724.0,1516.0
AD Nath,90.0,99.0,99.0,10.0,10.0,7.0,2.0,90.9090909090909,9.0,0.0,0.0,0.0,0.0,0.0,93.0,0.0,93.0
AD Russell,2039.0,1212.0,1212.0,66.0,81.0,138.0,175.0,168.23432343234325,30.893939393939394,99.0,1484.0,2214.0,247.2,8.951482479784366,2423.0,2499.0,4922.0
AF Milne,23.0,31.0,31.0,5.0,6.0,0.0,1.0,74.19354838709677,4.6,9.0,217.0,339.0,36.1,9.373271889400922,15.0,247.0,262.0
AG Murtaza,10.0,14.0,14.0,1.0,3.0,1.0,0.0,71.42857142857143,10.0,12.0,269.0,322.0,44.5,7.182156133828996,9.0,324.0,333.0
AG Paunikar,49.0,61.0,61.0,5.0,5.0,9.0,0.0,80.32786885245902,9.8,0.0,0.0,0.0,0.0,0.0,52.0,0.0,52.0
AJ Finch,2092.0,1696.0,1696.0,84.0,90.0,214.0,78.0,123.34905660377358,24.904761904761905,1.0,44.0,67.0,7.2,9.136363636363637,2322.0,23.0,2345.0
AJ Turner,3.0,11.0,11.0,3.0,4.0,0.0,0.0,27.27272727272727,1.0,0.0,0.0,0.0,0.0,0.0,-3.0,0.0,-3.0
AJ Tye,91.0,79.0,79.0,8.0,13.0,6.0,5.0,115.18987341772151,11.375,48.0,714.0,1005.0,119.0,8.445378151260504,103.0,1224.0,1327.0
AK Markram,527.0,400.0,400.0,13.0,18.0,37.0,23.0,131.75,40.53846153846154,1.0,61.0,87.0,10.1,8.557377049180328,612.0,25.0,637.0
AL Menaria,401.0,367.0,367.0,22.0,23.0,24.0,18.0,109.26430517711172,18.227272727272727,3.0,113.0,144.0,18.5,7.646017699115045,445.0,83.0,528.0
AM Nayar,672.0,588.0,588.0,39.0,50.0,55.0,20.0,114.28571428571428,17.23076923076923,9.0,239.0,323.0,39.5,8.10878661087866,717.0,249.0,966.0
AM Rahane,4074.0,3465.0,3465.0,133.0,148.0,431.0,80.0,117.57575757575758,30.63157894736842,1.0,6.0,5.0,1.0,5.0,4427.0,25.0,4452.0
AM Salvi,0.0,0.0,0.0,0.0,0.0,0.0,0.0,0.0,0.0,7.0,156.0,205.0,26.0,7.884615384615385,0.0,199.0,199.0
AN Ahmed,36.0,27.0,27.0,1.0,6.0,4.0,1.0,133.33333333333331,36.0,15.0,362.0,515.0,60.2,8.535911602209945,44.0,399.0,443.0
AN Ghosh,7.0,8.0,8.0,2.0,2.0,1.0,0.0,87.5,3.5,0.0,0.0,0.0,0.0,0.0,4.0,0.0,4.0
AP Dole,34.0,23.0,23.0,2.0,2.0,3.0,1.0,147.82608695652172,17.0,5.0,73.0,114.0,12.1,9.36986301369863,39.0,147.0,186.0
AP Majumdar,87.0,77.0,77.0,4.0,4.0,7.0,2.0,112.98701298701299,21.75,0.0,0.0,0.0,0.0,0.0,102.0,0.0,102.0
AP Tare,339.0,285.0,285.0,24.0,27.0,40.0,11.0,118.94736842105263,14.125,0.0,0.0,0.0,0.0,0.0,381.0,0.0,381.0
AR Bawne,12.0,12.0,12.0,0.0,1.0,1.0,0.0,100.0,12.0,0.0,0.0,0.0,0.0,0.0,13.0,0.0,13.0
AR Patel,1135.0,919.0,919.0,59.0,87.0,67.0,54.0,123.5038084874864,19.23728813559322,109.0,2599.0,3140.0,433.1,7.24894190073105,1220.0,2749.0,3969.0
AS Joseph,20.0,20.0,20.0,1.0,4.0,2.0,0.0,100.0,20.0,14.0,240.0,358.0,40.0,8.95,20.0,374.0,394.0
AS Rajpoot,26.0,41.0,41.0,4.0,7.0,2.0,1.0,63.41463414634146,6.5,24.0,567.0,844.0,94.3,8.931216931216932,22.0,624.0,646.0
AS Raut,194.0,172.0,172.0,11.0,16.0,13.0,7.0,112.79069767441861,17.636363636363637,0.0,30.0,45.0,5.0,9.0,227.0,0.0,227.0
AS Roy,0.0,2.0,2.0,1.0,1.0,0.0,0.0,0.0,0.0,2.0,57.0,66.0,9.3,6.947368421052632,-2.0,50.0,48.0
AS Yadav,49.0,40.0,40.0,7.0,6.0,5.0,2.0,122.50000000000001,7.0,0.0,0.0,0.0,0.0,0.0,48.0,0.0,48.0
AT Carey,32.0,29.0,29.0,2.0,3.0,0.0,1.0,110.34482758620689,16.0,0.0,0.0,0.0,0.0,0.0,34.0,0.0,34.0
AT Rayudu,4190.0,3375.0,3375.0,142.0,173.0,349.0,164.0,124.14814814814814,29.507042253521128,0.0,0.0,0.0,0.0,0.0,4611.0,0.0,4611.0
AU Rashid,0.0,0.0,0.0,0.0,0.0,0.0,0.0,0.0,0.0,0.0,18.0,35.0,3.0,11.666666666666666,0.0,-4.0,-4.0
AUK Pathan,39.0,26.0,26.0,5.0,7.0,5.0,2.0,150.0,7.8,0.0,41.0,63.0,6.5,9.219512195121952,42.0,-2.0,40.0
Abdul Samad,228.0,164.0,164.0,17.0,19.0,12.0,14.0,139.02439024390242,13.411764705882353,2.0,55.0,113.0,9.1,12.327272727272728,262.0,46.0,308.0
Abdur Razzak,0.0,2.0,2.0,0.0,1.0,0.0,0.0,0.0,0.0,0.0,14.0,29.0,2.2,12.428571428571427,0.0,-4.0,-4.0
Abhishek Sharma,667.0,511.0,511.0,29.0,34.0,64.0,25.0,130.52837573385517,23.0,7.0,161.0,218.0,26.5,8.124223602484472,751.0,199.0,950.0
Akash Deep,0.0,2.0,2.0,1.0,1.0,0.0,0.0,0.0,0.0,6.0,119.0,206.0,19.5,10.38655462184874,-2.0,172.0,170.0
Akash Singh,0.0,0.0,0.0,0.0,0.0,0.0,0.0,0.0,0.0,0.0,24.0,39.0,4.0,9.75,0.0,-2.0,-2.0
Aman Hakim Khan,5.0,3.0,3.0,1.0,1.0,1.0,0.0,166.66666666666669,5.0,0.0,6.0,13.0,1.0,13.0,4.0,0.0,4.0
Anand Rajan,0.0,0.0,0.0,0.0,0.0,0.0,0.0,0.0,0.0,10.0,162.0,206.0,27.0,7.62962962962963,0.0,274.0,274.0
Anirudh Singh,63.0,69.0,69.0,4.0,4.0,6.0,1.0,91.30434782608695,15.75,0.0,0.0,0.0,0.0,0.0,75.0,0.0,75.0
Ankit Sharma,87.0,69.0,69.0,7.0,10.0,7.0,4.0,126.08695652173914,12.428571428571429,12.0,375.0,453.0,62.3,7.248,100.0,324.0,424.0
Ankit Soni,7.0,9.0,9.0,2.0,3.0,0.0,1.0,77.77777777777779,3.5,4.0,112.0,145.0,18.4,7.767857142857142,5.0,108.0,113.0
Anmolpreet Singh,29.0,27.0,27.0,3.0,3.0,3.0,1.0,107.40740740740742,9.666666666666666,0.0,0.0,0.0,0.0,0.0,28.0,0.0,28.0
Anuj Rawat,129.0,124.0,124.0,8.0,9.0,10.0,7.0,104.03225806451613,16.125,0.0,0.0,0.0,0.0,0.0,165.0,0.0,165.0
Anureet Singh,36.0,47.0,47.0,4.0,8.0,2.0,1.0,76.59574468085107,9.0,21.0,430.0,636.0,71.4,8.874418604651162,36.0,549.0,585.0
Arshdeep Singh,23.0,36.0,36.0,4.0,9.0,3.0,0.0,63.888888888888886,5.75,46.0,803.0,1086.0,133.5,8.114570361145702,18.0,1174.0,1192.0
Avesh Khan,31.0,19.0,19.0,1.0,6.0,2.0,3.0,163.1578947368421,31.0,51.0,868.0,1190.0,144.4,8.225806451612904,41.0,1299.0,1340.0
Azhar Mahmood,388.0,311.0,311.0,19.0,21.0,39.0,13.0,124.7588424437299,20.42105263157895,31.0,552.0,707.0,92.0,7.684782608695652,443.0,799.0,1242.0
B Akhil,76.0,57.0,57.0,7.0,11.0,5.0,5.0,133.33333333333331,10.857142857142858,7.0,193.0,246.0,32.1,7.647668393782384,89.0,199.0,288.0
B Chipli,280.0,256.0,256.0,16.0,21.0,28.0,7.0,109.375,17.5,0.0,6.0,20.0,1.0,20.0,318.0,0.0,318.0
B Geeves,0.0,0.0,0.0,0.0,0.0,0.0,0.0,0.0,0.0,2.0,49.0,91.0,8.1,11.142857142857144,0.0,46.0,46.0
B Indrajith,21.0,31.0,31.0,3.0,3.0,2.0,0.0,67.74193548387096,7.0,0.0,0.0,0.0,0.0,0.0,17.0,0.0,17.0
B Kumar,241.0,259.0,259.0,28.0,55.0,23.0,3.0,93.05019305019306,8.607142857142858,165.0,3384.0,4064.0,564.0,7.205673758865248,242.0,4149.0,4391.0
B Laughlin,5.0,13.0,13.0,2.0,4.0,0.0,0.0,38.46153846153847,2.5,10.0,179.0,284.0,29.5,9.5195530726257,1.0,272.0,273.0
B Lee,124.0,102.0,102.0,10.0,19.0,8.0,8.0,121.56862745098039,12.4,30.0,916.0,1126.0,152.4,7.3755458515283845,156.0,774.0,930.0
B Sai Sudharsan,145.0,118.0,118.0,4.0,5.0,14.0,3.0,122.88135593220339,36.25,0.0,0.0,0.0,0.0,0.0,185.0,0.0,185.0
B Stanlake,5.0,2.0,2.0,0.0,1.0,1.0,0.0,250.0,5.0,7.0,150.0,200.0,25.0,8.0,6.0,199.0,205.0
B Sumanth,35.0,38.0,38.0,1.0,4.0,3.0,0.0,92.10526315789474,35.0,0.0,0.0,0.0,0.0,0.0,40.0,0.0,40.0
BA Bhatt,6.0,7.0,7.0,0.0,2.0,0.0,1.0,85.71428571428571,6.0,13.0,303.0,408.0,50.3,8.07920792079208,8.0,349.0,357.0
BA Stokes,920.0,703.0,703.0,39.0,41.0,79.0,32.0,130.86770981507823,23.58974358974359,31.0,717.0,1005.0,119.3,8.410041841004183,1013.0,799.0,1812.0
BAW Mendis,3.0,6.0,6.0,2.0,3.0,0.0,0.0,50.0,1.5,9.0,248.0,306.0,41.2,7.403225806451612,-1.0,249.0,248.0
BB McCullum,2882.0,2272.0,2272.0,106.0,109.0,293.0,130.0,126.84859154929578,27.18867924528302,0.0,0.0,0.0,0.0,0.0,3251.0,0.0,3251.0
BB Samantray,125.0,116.0,116.0,5.0,8.0,13.0,2.0,107.75862068965519,25.0,0.0,0.0,0.0,0.0,0.0,160.0,0.0,160.0
BB Sran,10.0,14.0,14.0,1.0,7.0,0.0,0.0,71.42857142857143,10.0,20.0,516.0,767.0,86.0,8.918604651162791,8.0,524.0,532.0
BCJ Cutting,238.0,146.0,146.0,11.0,17.0,15.0,19.0,163.013698630137,21.636363636363637,12.0,288.0,430.0,48.0,8.958333333333334,297.0,324.0,621.0
BE Hendricks,1.0,3.0,3.0,1.0,2.0,0.0,0.0,33.33333333333333,1.0,11.0,157.0,239.0,26.1,9.13375796178344,-1.0,297.0,296.0
BJ Haddin,18.0,11.0,11.0,1.0,1.0,2.0,1.0,163.63636363636365,18.0,0.0,0.0,0.0,0.0,0.0,20.0,0.0,20.0
BJ Hodge,1400.0,1153.0,1153.0,46.0,63.0,122.0,43.0,121.42237640936686,30.434782608695652,18.0,238.0,310.0,39.4,7.815126050420169,1544.0,474.0,2018.0
BJ Rohrer,193.0,146.0,146.0,7.0,8.0,21.0,5.0,132.1917808219178,27.571428571428573,0.0,7.0,12.0,1.1,10.285714285714285,238.0,0.0,238.0
BMAJ Mendis,23.0,27.0,27.0,3.0,3.0,0.0,0.0,85.18518518518519,7.666666666666667,1.0,30.0,36.0,5.0,7.2,17.0,25.0,42.0
BR Dunk,40.0,36.0,36.0,3.0,3.0,7.0,0.0,111.11111111111111,13.333333333333334,0.0,0.0,0.0,0.0,0.0,45.0,0.0,45.0
BW Hilfenhaus,0.0,0.0,0.0,0.0,0.0,0.0,0.0,0.0,0.0,23.0,390.0,497.0,65.0,7.6461538461538465,0.0,599.0,599.0
Basil Thampi,32.0,37.0,37.0,2.0,7.0,1.0,1.0,86.48648648648648,16.0,26.0,539.0,862.0,89.5,9.595547309833025,35.0,672.0,707.0
Bipul Sharma,187.0,124.0,124.0,6.0,17.0,11.0,9.0,150.80645161290323,31.166666666666668,22.0,436.0,581.0,72.4,7.9954128440366965,232.0,574.0,806.0
C Ganapathy,0.0,0.0,0.0,0.0,0.0,0.0,0.0,0.0,0.0,0.0,6.0,13.0,1.0,13.0,0.0,0.0,0.0
C Madan,15.0,21.0,21.0,1.0,1.0,3.0,0.0,71.42857142857143,15.0,0.0,0.0,0.0,0.0,0.0,16.0,0.0,16.0
C Munro,177.0,144.0,144.0,9.0,11.0,19.0,8.0,122.91666666666667,19.666666666666668,0.0,12.0,15.0,2.0,7.5,222.0,0.0,222.0
C Nanda,0.0,1.0,1.0,1.0,1.0,0.0,0.0,0.0,0.0,2.0,50.0,58.0,8.2,6.959999999999999,-2.0,50.0,48.0
C Sakariya,16.0,25.0,25.0,4.0,5.0,2.0,0.0,64.0,4.0,17.0,405.0,521.0,67.3,7.718518518518518,10.0,449.0,459.0
C de Grandhomme,303.0,229.0,229.0,15.0,21.0,18.0,18.0,132.31441048034935,20.2,7.0,230.0,323.0,38.2,8.426086956521738,355.0,199.0,554.0
CA Ingram,205.0,183.0,183.0,12.0,15.0,22.0,5.0,112.02185792349727,17.083333333333332,0.0,0.0,0.0,0.0,0.0,241.0,0.0,241.0
CA Lynn,1329.0,974.0,974.0,39.0,42.0,132.0,66.0,136.4476386036961,34.07692307692308,0.0,0.0,0.0,0.0,0.0,1543.0,0.0,1543.0
CA Pujara,390.0,403.0,403.0,18.0,22.0,50.0,4.0,96.7741935483871,21.666666666666668,0.0,0.0,0.0,0.0,0.0,440.0,0.0,440.0
CH Gayle,4997.0,3516.0,3516.0,128.0,141.0,408.0,359.0,142.1217292377702,39.0390625,19.0,584.0,755.0,97.2,7.756849315068494,5895.0,499.0,6394.0
CH Morris,618.0,413.0,413.0,29.0,49.0,41.0,35.0,149.636803874092,21.310344827586206,107.0,1801.0,2377.0,300.1,7.91893392559689,699.0,2699.0,3398.0
CJ Anderson,538.0,436.0,436.0,22.0,29.0,40.0,31.0,123.39449541284404,24.454545454545453,14.0,315.0,525.0,52.3,10.0,624.0,372.0,996.0
CJ Dala,0.0,0.0,0.0,0.0,0.0,0.0,0.0,0.0,0.0,0.0,19.0,34.0,3.1,10.736842105263158,0.0,-2.0,-2.0
CJ Ferguson,98.0,119.0,119.0,6.0,8.0,9.0,0.0,82.35294117647058,16.333333333333332,0.0,0.0,0.0,0.0,0.0,107.0,0.0,107.0
CJ Green,0.0,0.0,0.0,0.0,0.0,0.0,0.0,0.0,0.0,0.0,17.0,24.0,2.5,8.470588235294118,0.0,0.0,0.0
CJ Jordan,75.0,68.0,68.0,7.0,10.0,3.0,3.0,110.29411764705883,10.714285714285714,33.0,577.0,870.0,96.1,9.04679376083189,82.0,847.0,929.0
CJ McKay,8.0,15.0,15.0,1.0,1.0,0.0,0.0,53.333333333333336,8.0,1.0,42.0,60.0,7.0,8.571428571428571,6.0,25.0,31.0
CK Kapugedera,16.0,24.0,24.0,3.0,3.0,0.0,0.0,66.66666666666666,5.333333333333333,0.0,17.0,49.0,2.5,17.294117647058822,10.0,-4.0,6.0
CK Langeveldt,8.0,9.0,9.0,2.0,2.0,0.0,1.0,88.88888888888889,4.0,13.0,165.0,199.0,27.3,7.236363636363636,6.0,349.0,355.0
CL White,971.0,774.0,774.0,35.0,45.0,76.0,38.0,125.45219638242895,27.742857142857144,1.0,46.0,86.0,7.4,11.217391304347826,1081.0,21.0,1102.0
CM Gautam,169.0,158.0,158.0,9.0,13.0,17.0,6.0,106.9620253164557,18.77777777777778,0.0,0.0,0.0,0.0,0.0,208.0,0.0,208.0
CR Brathwaite,181.0,120.0,120.0,14.0,14.0,10.0,16.0,150.83333333333334,12.928571428571429,16.0,266.0,384.0,44.2,8.661654135338345,223.0,424.0,647.0
CR Woakes,78.0,77.0,77.0,5.0,12.0,7.0,2.0,101.29870129870129,15.6,31.0,463.0,674.0,77.1,8.734341252699783,91.0,799.0,890.0
CRD Fernando,4.0,3.0,3.0,1.0,2.0,0.0,0.0,133.33333333333331,4.0,19.0,249.0,306.0,41.3,7.373493975903615,2.0,499.0,501.0
CV Varun,24.0,38.0,38.0,2.0,8.0,2.0,0.0,63.1578947368421,12.0,44.0,992.0,1186.0,165.2,7.173387096774193,22.0,1124.0,1146.0
D Brevis,161.0,116.0,116.0,7.0,7.0,14.0,11.0,138.79310344827587,23.0,1.0,3.0,8.0,0.3,16.0,211.0,25.0,236.0
D Kalyankrishna,3.0,8.0,8.0,1.0,1.0,0.0,0.0,37.5,3.0,2.0,50.0,88.0,8.2,10.559999999999999,1.0,48.0,49.0
D Padikkal,1260.0,1057.0,1057.0,45.0,46.0,136.0,36.0,119.20529801324504,28.0,0.0,0.0,0.0,0.0,0.0,1406.0,0.0,1406.0
D Pretorius,44.0,28.0,28.0,4.0,5.0,3.0,3.0,157.14285714285714,11.0,7.0,138.0,213.0,23.0,9.26086956521739,49.0,197.0,246.0
D Salunkhe,33.0,24.0,24.0,1.0,3.0,5.0,0.0,137.5,33.0,1.0,51.0,80.0,8.3,9.411764705882353,40.0,23.0,63.0
D Wiese,127.0,94.0,94.0,5.0,8.0,12.0,4.0,135.1063829787234,25.4,17.0,289.0,409.0,48.1,8.491349480968859,165.0,449.0,614.0
D du Preez,10.0,13.0,13.0,1.0,1.0,0.0,0.0,76.92307692307693,10.0,4.0,43.0,56.0,7.1,7.813953488372093,8.0,108.0,116.0
DA Miller,2455.0,1838.0,1838.0,69.0,101.0,169.0,113.0,133.56909684439609,35.57971014492754,0.0,0.0,0.0,0.0,0.0,2740.0,0.0,2740.0
DA Warner,5883.0,4313.0,4313.0,143.0,162.0,577.0,216.0,136.40157662879665,41.13986013986014,0.0,2.0,2.0,0.2,6.0,6634.0,0.0,6634.0
DAJ Bracewell,12.0,9.0,9.0,0.0,1.0,1.0,0.0,133.33333333333331,12.0,3.0,25.0,32.0,4.1,7.68,13.0,83.0,96.0
DB Das,304.0,267.0,267.0,12.0,22.0,23.0,16.0,113.85767790262172,25.333333333333332,0.0,0.0,0.0,0.0,0.0,363.0,0.0,363.0
DB Ravi Teja,375.0,325.0,325.0,20.0,25.0,35.0,9.0,115.38461538461537,18.75,1.0,18.0,28.0,3.0,9.333333333333334,416.0,23.0,439.0
DE Bollinger,21.0,23.0,23.0,1.0,4.0,1.0,1.0,91.30434782608695,21.0,43.0,600.0,716.0,100.0,7.16,22.0,1099.0,1121.0
DG Nalkande,0.0,0.0,0.0,0.0,0.0,0.0,0.0,0.0,0.0,2.0,33.0,59.0,5.3,10.727272727272727,0.0,48.0,48.0
DH Yagnik,170.0,142.0,142.0,9.0,17.0,23.0,2.0,119.71830985915493,18.88888888888889,0.0,0.0,0.0,0.0,0.0,207.0,0.0,207.0
DJ Bravo,1560.0,1247.0,1247.0,69.0,110.0,120.0,66.0,125.10024057738573,22.608695652173914,207.0,3296.0,4436.0,549.2,8.075242718446601,1702.0,5199.0,6901.0
DJ Harris,111.0,103.0,103.0,3.0,4.0,11.0,5.0,107.76699029126213,37.0,0.0,18.0,26.0,3.0,8.666666666666666,154.0,0.0,154.0
DJ Hooda,1237.0,970.0,970.0,58.0,75.0,77.0,56.0,127.52577319587628,21.32758620689655,10.0,359.0,505.0,59.5,8.440111420612814,1338.0,274.0,1612.0
DJ Hussey,1322.0,1101.0,1101.0,49.0,61.0,90.0,60.0,120.07266121707538,26.979591836734695,10.0,323.0,485.0,53.5,9.009287925696594,1462.0,272.0,1734.0
DJ Jacobs,92.0,101.0,101.0,7.0,7.0,10.0,4.0,91.0891089108911,13.142857142857142,0.0,0.0,0.0,0.0,0.0,108.0,0.0,108.0
DJ Malan,26.0,26.0,26.0,1.0,1.0,1.0,1.0,100.0,26.0,0.0,0.0,0.0,0.0,0.0,27.0,0.0,27.0
DJ Mitchell,33.0,46.0,46.0,2.0,2.0,1.0,0.0,71.73913043478261,16.5,0.0,13.0,27.0,2.1,12.461538461538462,34.0,-4.0,30.0
DJ Muthuswami,1.0,3.0,3.0,1.0,1.0,0.0,0.0,33.33333333333333,1.0,4.0,84.0,108.0,14.0,7.714285714285714,-1.0,108.0,107.0
DJ Thornely,39.0,54.0,54.0,3.0,4.0,2.0,2.0,72.22222222222221,13.0,3.0,44.0,40.0,7.2,5.454545454545455,43.0,87.0,130.0
DJ Willey,18.0,32.0,32.0,3.0,2.0,3.0,0.0,56.25,6.0,3.0,127.0,171.0,21.1,8.078740157480315,15.0,83.0,98.0
DJG Sammy,295.0,251.0,251.0,15.0,20.0,15.0,18.0,117.52988047808766,19.666666666666668,14.0,244.0,354.0,40.4,8.704918032786885,344.0,374.0,718.0
DJM Short,115.0,102.0,102.0,7.0,7.0,11.0,5.0,112.74509803921569,16.428571428571427,1.0,18.0,23.0,3.0,7.666666666666667,150.0,25.0,175.0
DL Chahar,79.0,59.0,59.0,7.0,11.0,2.0,6.0,133.89830508474577,11.285714285714286,61.0,1385.0,1739.0,230.5,7.533574007220216,91.0,1549.0,1640.0
DL Vettori,121.0,118.0,118.0,7.0,16.0,11.0,2.0,102.54237288135593,17.285714285714285,34.0,785.0,894.0,130.5,6.83312101910828,150.0,874.0,1024.0
DM Bravo,6.0,5.0,5.0,0.0,1.0,1.0,0.0,120.0,6.0,0.0,0.0,0.0,0.0,0.0,7.0,0.0,7.0
DNT Zoysa,11.0,9.0,9.0,1.0,2.0,1.0,0.0,122.22222222222223,11.0,2.0,69.0,100.0,11.3,8.695652173913043,10.0,50.0,60.0
DP Conway,252.0,176.0,176.0,6.0,7.0,23.0,12.0,143.1818181818182,42.0,0.0,0.0,0.0,0.0,0.0,315.0,0.0,315.0
DP Nannes,4.0,13.0,13.0,1.0,2.0,0.0,0.0,30.76923076923077,4.0,38.0,689.0,815.0,114.5,7.097242380261249,2.0,974.0,976.0
DP Vijaykumar,1.0,1.0,1.0,0.0,1.0,0.0,0.0,100.0,1.0,4.0,159.0,205.0,26.3,7.735849056603773,1.0,108.0,109.0
DPMD Jayawardene,1808.0,1522.0,1522.0,64.0,78.0,200.0,40.0,118.7910643889619,28.25,0.0,0.0,0.0,0.0,0.0,1988.0,0.0,1988.0
DR Martyn,19.0,26.0,26.0,2.0,1.0,1.0,0.0,73.07692307692307,9.5,0.0,0.0,0.0,0.0,0.0,16.0,0.0,16.0
DR Sams,44.0,48.0,48.0,10.0,13.0,1.0,3.0,91.66666666666666,4.4,15.0,389.0,528.0,64.5,8.143958868894602,35.0,399.0,434.0
DR Shorey,13.0,20.0,20.0,2.0,2.0,0.0,1.0,65.0,6.5,0.0,0.0,0.0,0.0,0.0,11.0,0.0,11.0
DR Smith,2385.0,1803.0,1803.0,81.0,88.0,245.0,117.0,132.27953410981698,29.444444444444443,27.0,557.0,825.0,92.5,8.88689407540395,2730.0,699.0,3429.0
DS Kulkarni,104.0,113.0,113.0,9.0,20.0,7.0,2.0,92.03539823008849,11.555555555555555,91.0,1876.0,2513.0,312.4,8.03731343283582,125.0,2299.0,2424.0
DS Lehmann,18.0,19.0,19.0,2.0,2.0,3.0,0.0,94.73684210526315,9.0,0.0,0.0,0.0,0.0,0.0,17.0,0.0,17.0
DT Christian,460.0,408.0,408.0,28.0,41.0,23.0,19.0,112.74509803921569,16.428571428571427,40.0,922.0,1218.0,153.4,7.926247288503254,493.0,1024.0,1517.0
DT Patil,13.0,13.0,13.0,1.0,2.0,1.0,0.0,100.0,13.0,0.0,0.0,0.0,0.0,0.0,12.0,0.0,12.0
DW Steyn,167.0,163.0,163.0,22.0,33.0,14.0,3.0,102.45398773006136,7.590909090909091,105.0,2282.0,2583.0,380.2,6.791411042944786,171.0,2649.0,2820.0
E Lewis,654.0,499.0,499.0,24.0,26.0,62.0,36.0,131.06212424849699,27.25,0.0,0.0,0.0,0.0,0.0,768.0,0.0,768.0
EJG Morgan,1406.0,1181.0,1181.0,61.0,74.0,112.0,64.0,119.05165114309906,23.049180327868854,0.0,0.0,0.0,0.0,0.0,1552.0,0.0,1552.0
ER Dwivedi,24.0,15.0,15.0,2.0,2.0,2.0,2.0,160.0,12.0,0.0,0.0,0.0,0.0,0.0,26.0,0.0,26.0
F Behardien,14.0,13.0,13.0,2.0,3.0,2.0,0.0,107.6923076923077,7.0,0.0,0.0,0.0,0.0,0.0,12.0,0.0,12.0
F du Plessis,3403.0,2676.0,2676.0,97.0,109.0,315.0,109.0,127.16741405082213,35.08247422680412,0.0,6.0,16.0,1.0,16.0,3770.0,0.0,3770.0
FA Allen,14.0,19.0,19.0,2.0,3.0,1.0,0.0,73.68421052631578,7.0,2.0,91.0,136.0,15.1,8.967032967032967,11.0,50.0,61.0
FH Edwards,4.0,5.0,5.0,1.0,2.0,0.0,0.0,80.0,4.0,6.0,150.0,160.0,25.0,6.4,2.0,174.0,176.0
FY Fazal,183.0,179.0,179.0,9.0,11.0,22.0,1.0,102.23463687150837,20.333333333333332,1.0,12.0,20.0,2.0,10.0,217.0,23.0,240.0
Fazalhaq Farooqi,2.0,8.0,8.0,0.0,1.0,0.0,0.0,25.0,2.0,2.0,76.0,110.0,12.4,8.68421052631579,2.0,50.0,52.0
G Gambhir,4217.0,3524.0,3524.0,135.0,151.0,492.0,59.0,119.66515323496027,31.237037037037037,0.0,0.0,0.0,0.0,0.0,4585.0,0.0,4585.0
GB Hogg,22.0,22.0,22.0,2.0,4.0,1.0,0.0,100.0,11.0,25.0,466.0,585.0,77.4,7.532188841201716,19.0,649.0,668.0
GC Smith,739.0,691.0,691.0,30.0,29.0,94.0,9.0,106.9464544138929,24.633333333333333,0.0,0.0,0.0,0.0,0.0,819.0,0.0,819.0
GC Viljoen,3.0,7.0,7.0,2.0,3.0,0.0,0.0,42.857142857142854,1.5,8.0,146.0,229.0,24.2,9.41095890410959,-1.0,222.0,221.0
GD McGrath,4.0,5.0,5.0,1.0,2.0,1.0,0.0,80.0,4.0,14.0,329.0,366.0,54.5,6.674772036474164,3.0,374.0,377.0
GD Phillips,26.0,33.0,33.0,2.0,3.0,1.0,2.0,78.78787878787878,13.0,1.0,13.0,20.0,2.1,9.230769230769232,27.0,23.0,50.0
GH Vihari,284.0,331.0,331.0,20.0,23.0,23.0,1.0,85.80060422960725,14.2,1.0,43.0,48.0,7.1,6.697674418604651,297.0,25.0,322.0
GHS Garton,2.0,4.0,4.0,1.0,2.0,0.0,0.0,50.0,2.0,3.0,97.0,136.0,16.1,8.412371134020617,0.0,83.0,83.0
GJ Bailey,663.0,552.0,552.0,29.0,36.0,59.0,19.0,120.1086956521739,22.862068965517242,0.0,0.0,0.0,0.0,0.0,730.0,0.0,730.0
GJ Maxwell,2320.0,1571.0,1571.0,90.0,105.0,198.0,127.0,147.67663908338636,25.77777777777778,31.0,803.0,1087.0,133.5,8.122042341220423,2620.0,799.0,3419.0
GR Napier,15.0,16.0,16.0,1.0,1.0,1.0,0.0,93.75,15.0,1.0,24.0,28.0,4.0,7.0,14.0,25.0,39.0
GS Sandhu,0.0,0.0,0.0,0.0,0.0,0.0,0.0,0.0,0.0,1.0,48.0,86.0,8.0,10.75,0.0,23.0,23.0
Gagandeep Singh,0.0,0.0,0.0,0.0,0.0,0.0,0.0,0.0,0.0,3.0,84.0,142.0,14.0,10.142857142857142,0.0,81.0,81.0
Gurkeerat Singh,511.0,436.0,436.0,27.0,32.0,55.0,11.0,117.20183486238531,18.925925925925927,5.0,82.0,97.0,13.4,7.097560975609756,562.0,149.0,711.0
H Das,2.0,5.0,5.0,1.0,1.0,0.0,0.0,40.0,2.0,0.0,0.0,0.0,0.0,0.0,0.0,0.0,0.0
H Klaasen,66.0,58.0,58.0,5.0,6.0,5.0,1.0,113.79310344827587,13.2,0.0,0.0,0.0,0.0,0.0,75.0,0.0,75.0
HE van der Dussen,22.0,25.0,25.0,2.0,3.0,2.0,0.0,88.0,11.0,0.0,0.0,0.0,0.0,0.0,20.0,0.0,20.0
HF Gurney,1.0,5.0,5.0,0.0,1.0,0.0,0.0,20.0,1.0,7.0,169.0,239.0,28.1,8.485207100591715,1.0,199.0,200.0
HH Gibbs,886.0,837.0,837.0,32.0,36.0,83.0,31.0,105.8542413381123,27.6875,0.0,0.0,0.0,0.0,0.0,995.0,0.0,995.0
HH Pandya,1972.0,1406.0,1406.0,66.0,100.0,146.0,111.0,140.2560455192034,29.87878787878788,53.0,1103.0,1566.0,183.5,8.518585675430643,2236.0,1349.0,3585.0
HM Amla,577.0,418.0,418.0,13.0,16.0,60.0,21.0,138.03827751196172,44.38461538461539,0.0,0.0,0.0,0.0,0.0,681.0,0.0,681.0
HR Shokeen,43.0,48.0,48.0,2.0,2.0,5.0,0.0,89.58333333333334,21.5,2.0,94.0,130.0,15.4,8.297872340425533,48.0,50.0,98.0
HV Patel,230.0,189.0,189.0,21.0,31.0,15.0,13.0,121.6931216931217,10.952380952380953,106.0,1665.0,2262.0,277.3,8.151351351351352,257.0,2674.0,2931.0
Harbhajan Singh,833.0,636.0,636.0,56.0,88.0,79.0,42.0,130.9748427672956,14.875,161.0,3496.0,4101.0,582.4,7.0383295194508015,912.0,4049.0,4961.0
Harmeet Singh,18.0,12.0,12.0,2.0,4.0,3.0,0.0,150.0,9.0,31.0,574.0,747.0,95.4,7.808362369337979,17.0,799.0,816.0
Harpreet Brar,106.0,100.0,100.0,3.0,9.0,6.0,5.0,106.0,35.333333333333336,9.0,296.0,379.0,49.2,7.6824324324324325,144.0,249.0,393.0
Harpreet Singh,20.0,26.0,26.0,2.0,3.0,0.0,0.0,76.92307692307693,10.0,0.0,0.0,0.0,0.0,0.0,16.0,0.0,16.0
Harshit Rana,2.0,2.0,2.0,1.0,2.0,0.0,0.0,100.0,2.0,1.0,31.0,52.0,5.1,10.064516129032258,0.0,23.0,23.0
I Malhotra,7.0,4.0,4.0,0.0,1.0,1.0,0.0,175.0,7.0,0.0,6.0,23.0,1.0,23.0,8.0,0.0,8.0
I Sharma,55.0,62.0,62.0,7.0,18.0,4.0,2.0,88.70967741935483,7.857142857142857,74.0,2090.0,2779.0,348.2,7.97799043062201,61.0,1874.0,1935.0
I Udana,15.0,11.0,11.0,3.0,4.0,1.0,1.0,136.36363636363635,5.0,8.0,182.0,286.0,30.2,9.428571428571429,12.0,222.0,234.0
IC Pandey,0.0,2.0,2.0,1.0,1.0,0.0,0.0,0.0,0.0,19.0,469.0,609.0,78.1,7.791044776119403,-2.0,499.0,497.0
IC Porel,0.0,0.0,0.0,0.0,0.0,0.0,0.0,0.0,0.0,1.0,26.0,42.0,4.2,9.692307692307693,0.0,23.0,23.0
IK Pathan,1150.0,985.0,985.0,53.0,82.0,88.0,38.0,116.75126903553299,21.69811320754717,99.0,2113.0,2711.0,352.1,7.698059630856601,1236.0,2499.0,3735.0
IR Jaggi,76.0,100.0,100.0,5.0,7.0,6.0,0.0,76.0,15.2,0.0,0.0,0.0,0.0,0.0,84.0,0.0,84.0
IS Sodhi,7.0,18.0,18.0,2.0,2.0,0.0,0.0,38.88888888888889,3.5,9.0,182.0,204.0,30.2,6.725274725274725,3.0,249.0,252.0
Imran Tahir,33.0,37.0,37.0,4.0,8.0,5.0,0.0,89.1891891891892,8.25,86.0,1340.0,1729.0,223.2,7.741791044776119,34.0,2174.0,2208.0
Iqbal Abdulla,88.0,86.0,86.0,1.0,13.0,9.0,1.0,102.32558139534885,88.0,45.0,943.0,1125.0,157.1,7.158006362672323,109.0,1149.0,1258.0
Ishan Kishan,1870.0,1444.0,1444.0,62.0,70.0,166.0,85.0,129.50138504155123,30.161290322580644,0.0,0.0,0.0,0.0,0.0,2110.0,0.0,2110.0
J Arunkumar,23.0,24.0,24.0,3.0,3.0,5.0,0.0,95.83333333333334,7.666666666666667,0.0,0.0,0.0,0.0,0.0,22.0,0.0,22.0
J Botha,409.0,364.0,364.0,22.0,28.0,39.0,5.0,112.36263736263736,18.59090909090909,27.0,709.0,818.0,118.1,6.922425952045134,442.0,699.0,1141.0
J Suchith,70.0,62.0,62.0,4.0,9.0,6.0,3.0,112.90322580645163,17.5,20.0,434.0,604.0,72.2,8.350230414746544,86.0,524.0,610.0
J Syed Mohammad,29.0,27.0,27.0,2.0,5.0,4.0,0.0,107.40740740740742,14.5,10.0,196.0,286.0,32.4,8.755102040816327,29.0,274.0,303.0
J Theron,10.0,13.0,13.0,2.0,4.0,1.0,0.0,76.92307692307693,5.0,13.0,235.0,311.0,39.1,7.940425531914894,7.0,349.0,356.0
J Yadav,40.0,38.0,38.0,2.0,4.0,2.0,1.0,105.26315789473684,20.0,9.0,374.0,421.0,62.2,6.754010695187166,44.0,249.0,293.0
JA Morkel,975.0,712.0,712.0,40.0,67.0,61.0,55.0,136.93820224719101,24.375,96.0,1807.0,2409.0,301.1,7.998893193137797,1094.0,2424.0,3518.0
JA Richardson,15.0,25.0,25.0,2.0,2.0,2.0,0.0,60.0,7.5,3.0,69.0,122.0,11.3,10.608695652173912,13.0,81.0,94.0
JC Archer,195.0,128.0,128.0,13.0,21.0,11.0,14.0,152.34375,15.0,47.0,858.0,1008.0,143.0,7.048951048951049,236.0,1199.0,1435.0
JC Buttler,2832.0,1955.0,1955.0,71.0,81.0,278.0,135.0,144.85933503836316,39.88732394366197,0.0,0.0,0.0,0.0,0.0,3266.0,0.0,3266.0
JD Ryder,604.0,466.0,466.0,29.0,29.0,69.0,19.0,129.6137339055794,20.82758620689655,11.0,241.0,314.0,40.1,7.817427385892117,681.0,299.0,980.0
JD Unadkat,164.0,136.0,136.0,11.0,21.0,13.0,6.0,120.58823529411764,14.909090909090908,99.0,1942.0,2806.0,323.4,8.66941297631308,195.0,2499.0,2694.0
JDP Oram,106.0,110.0,110.0,8.0,11.0,6.0,5.0,96.36363636363636,13.25,13.0,244.0,362.0,40.4,8.901639344262296,134.0,349.0,483.0
JDS Neesham,92.0,93.0,93.0,8.0,10.0,6.0,2.0,98.9247311827957,11.5,8.0,222.0,342.0,37.0,9.243243243243244,98.0,222.0,320.0
JE Taylor,3.0,4.0,4.0,0.0,2.0,0.0,0.0,75.0,3.0,6.0,122.0,167.0,20.2,8.213114754098362,3.0,174.0,177.0
JEC Franklin,327.0,309.0,309.0,11.0,16.0,25.0,9.0,105.8252427184466,29.727272727272727,9.0,155.0,225.0,25.5,8.70967741935484,376.0,249.0,625.0
JH Kallis,2427.0,2291.0,2291.0,89.0,95.0,255.0,44.0,105.93627237014405,27.269662921348313,74.0,1799.0,2348.0,299.5,7.8310172317954425,2620.0,1874.0,4494.0
JJ Bumrah,56.0,68.0,68.0,8.0,22.0,4.0,1.0,82.35294117647058,7.0,161.0,2857.0,3499.0,476.1,7.348267413370668,58.0,4049.0,4107.0
JJ Roy,329.0,264.0,264.0,11.0,13.0,39.0,9.0,124.62121212121211,29.90909090909091,0.0,0.0,0.0,0.0,0.0,392.0,0.0,392.0
JJ van der Wath,18.0,17.0,17.0,2.0,3.0,1.0,1.0,105.88235294117648,9.0,3.0,76.0,134.0,12.4,10.578947368421053,17.0,81.0,98.0
JL Denly,0.0,1.0,1.0,1.0,1.0,0.0,0.0,0.0,0.0,0.0,0.0,0.0,0.0,0.0,-2.0,0.0,-2.0
JL Pattinson,15.0,13.0,13.0,1.0,2.0,2.0,0.0,115.38461538461537,15.0,11.0,222.0,321.0,37.0,8.675675675675675,15.0,299.0,314.0
JM Bairstow,1291.0,935.0,935.0,38.0,39.0,133.0,55.0,138.07486631016044,33.973684210526315,0.0,0.0,0.0,0.0,0.0,1486.0,0.0,1486.0
JM Kemp,26.0,25.0,25.0,2.0,2.0,1.0,1.0,104.0,13.0,3.0,47.0,58.0,7.5,7.404255319148937,25.0,83.0,108.0
JM Sharma,234.0,149.0,149.0,8.0,10.0,22.0,12.0,157.04697986577182,29.25,0.0,0.0,0.0,0.0,0.0,292.0,0.0,292.0
JO Holder,247.0,205.0,205.0,19.0,24.0,13.0,17.0,120.48780487804878,13.0,55.0,873.0,1199.0,145.3,8.240549828178693,284.0,1399.0,1683.0
JP Behrendorff,0.0,0.0,0.0,0.0,0.0,0.0,0.0,0.0,0.0,5.0,117.0,168.0,19.3,8.615384615384615,0.0,149.0,149.0
JP Duminy,2029.0,1680.0,1680.0,49.0,75.0,126.0,79.0,120.77380952380952,41.40816326530612,23.0,701.0,847.0,116.5,7.249643366619116,2243.0,599.0,2842.0
JP Faulkner,527.0,406.0,406.0,28.0,45.0,36.0,23.0,129.80295566502463,18.821428571428573,76.0,1287.0,1849.0,214.3,8.62004662004662,581.0,1924.0,2505.0
JPR Scantlebury-Searles,8.0,6.0,6.0,1.0,2.0,0.0,1.0,133.33333333333331,8.0,2.0,45.0,89.0,7.3,11.866666666666667,8.0,46.0,54.0
JR Hazlewood,18.0,27.0,27.0,0.0,5.0,1.0,0.0,66.66666666666666,18.0,33.0,565.0,754.0,94.1,8.007079646017699,19.0,849.0,868.0
JR Hopes,417.0,314.0,314.0,17.0,19.0,49.0,11.0,132.80254777070064,24.529411764705884,14.0,369.0,562.0,61.3,9.138211382113822,482.0,372.0,854.0
JR Philippe,78.0,80.0,80.0,4.0,5.0,9.0,1.0,97.5,19.5,0.0,0.0,0.0,0.0,0.0,93.0,0.0,93.0
JW Hastings,0.0,0.0,0.0,0.0,0.0,0.0,0.0,0.0,0.0,3.0,61.0,66.0,10.1,6.491803278688525,0.0,83.0,83.0
Jalaj S Saxena,0.0,0.0,0.0,0.0,0.0,0.0,0.0,0.0,0.0,0.0,18.0,27.0,3.0,9.0,0.0,0.0,0.0
Jaskaran Singh,8.0,11.0,11.0,2.0,4.0,0.0,0.0,72.72727272727273,4.0,6.0,111.0,174.0,18.3,9.405405405405405,4.0,172.0,176.0
Joginder Sharma,36.0,30.0,30.0,4.0,5.0,1.0,2.0,120.0,9.0,13.0,272.0,421.0,45.2,9.286764705882353,37.0,347.0,384.0
K Goel,218.0,239.0,239.0,14.0,16.0,17.0,9.0,91.21338912133892,15.571428571428571,0.0,67.0,94.0,11.1,8.417910447761194,253.0,0.0,253.0
K Gowtham,186.0,115.0,115.0,14.0,20.0,13.0,12.0,161.7391304347826,13.285714285714286,19.0,486.0,677.0,81.0,8.358024691358025,223.0,499.0,722.0
K Kartikeya,3.0,6.0,6.0,1.0,1.0,0.0,0.0,50.0,3.0,5.0,78.0,103.0,13.0,7.923076923076923,1.0,149.0,150.0
K Khejroliya,0.0,0.0,0.0,0.0,0.0,0.0,0.0,0.0,0.0,3.0,101.0,157.0,16.5,9.326732673267328,0.0,81.0,81.0
K Rabada,186.0,188.0,188.0,14.0,23.0,16.0,6.0,98.93617021276596,13.285714285714286,108.0,1498.0,2023.0,249.4,8.102803738317757,214.0,2724.0,2938.0
K Santokie,0.0,0.0,0.0,0.0,0.0,0.0,0.0,0.0,0.0,3.0,51.0,91.0,8.3,10.705882352941176,0.0,81.0,81.0
K Upadhyay,12.0,9.0,9.0,0.0,2.0,0.0,1.0,133.33333333333331,12.0,0.0,56.0,81.0,9.2,8.678571428571429,14.0,0.0,14.0
K Yadav,0.0,4.0,4.0,0.0,1.0,0.0,0.0,0.0,0.0,0.0,12.0,17.0,2.0,8.5,0.0,0.0,0.0
KA Jamieson,65.0,55.0,55.0,3.0,7.0,5.0,3.0,118.18181818181819,21.666666666666668,9.0,179.0,271.0,29.5,9.083798882681565,82.0,247.0,329.0
KA Pollard,3437.0,2447.0,2447.0,129.0,168.0,221.0,224.0,140.45770331017573,26.643410852713178,81.0,1586.0,2200.0,264.2,8.32282471626734,3876.0,2049.0,5925.0
KAJ Roach,10.0,9.0,9.0,1.0,1.0,1.0,0.0,111.11111111111111,10.0,0.0,52.0,80.0,8.4,9.230769230769232,9.0,-2.0,7.0
KB Arun Karthik,51.0,53.0,53.0,5.0,8.0,4.0,1.0,96.22641509433963,10.2,0.0,0.0,0.0,0.0,0.0,59.0,0.0,59.0
KC Cariappa,24.0,21.0,21.0,3.0,5.0,0.0,2.0,114.28571428571428,8.0,8.0,224.0,349.0,37.2,9.348214285714285,22.0,222.0,244.0
KC Sangakkara,1687.0,1424.0,1424.0,69.0,68.0,195.0,27.0,118.4691011235955,24.44927536231884,0.0,0.0,0.0,0.0,0.0,1826.0,0.0,1826.0
KD Karthik,4377.0,3386.0,3386.0,168.0,207.0,426.0,134.0,129.26757235676314,26.053571428571427,0.0,0.0,0.0,0.0,0.0,4763.0,0.0,4763.0
KH Pandya,1326.0,1003.0,1003.0,58.0,82.0,121.0,50.0,132.20338983050848,22.862068965517242,65.0,1725.0,2066.0,287.3,7.18608695652174,1459.0,1649.0,3108.0
KJ Abbott,13.0,8.0,8.0,1.0,3.0,0.0,1.0,162.5,13.0,2.0,102.0,182.0,17.0,10.705882352941176,13.0,48.0,61.0
KK Ahmed,1.0,7.0,7.0,5.0,5.0,0.0,0.0,14.285714285714285,0.2,51.0,809.0,1116.0,134.5,8.276885043263288,-9.0,1299.0,1290.0
KK Cooper,116.0,70.0,70.0,9.0,12.0,9.0,8.0,165.71428571428572,12.88888888888889,36.0,600.0,789.0,100.0,7.89,151.0,924.0,1075.0
KK Nair,1496.0,1192.0,1192.0,65.0,68.0,161.0,39.0,125.503355704698,23.015384615384615,0.0,0.0,0.0,0.0,0.0,1633.0,0.0,1633.0
KL Nagarkoti,22.0,34.0,34.0,4.0,7.0,1.0,0.0,64.70588235294117,5.5,5.0,185.0,287.0,30.5,9.308108108108108,15.0,147.0,162.0
KL Rahul,3895.0,2933.0,2933.0,84.0,99.0,327.0,164.0,132.79918172519604,46.36904761904762,0.0,0.0,0.0,0.0,0.0,4410.0,0.0,4410.0
KM Asif,0.0,0.0,0.0,0.0,0.0,0.0,0.0,0.0,0.0,4.0,52.0,93.0,8.4,10.730769230769232,0.0,106.0,106.0
KM Jadhav,1196.0,1002.0,1002.0,54.0,80.0,101.0,40.0,119.36127744510978,22.14814814814815,0.0,0.0,0.0,0.0,0.0,1297.0,0.0,1297.0
KMA Paul,18.0,26.0,26.0,4.0,5.0,1.0,1.0,69.23076923076923,4.5,10.0,180.0,239.0,30.0,7.966666666666667,13.0,274.0,287.0
KMDN Kulasekara,5.0,3.0,3.0,0.0,1.0,1.0,0.0,166.66666666666669,5.0,6.0,107.0,122.0,17.5,6.841121495327103,6.0,174.0,180.0
KP Appanna,2.0,4.0,4.0,1.0,3.0,0.0,0.0,50.0,2.0,11.0,222.0,291.0,37.0,7.864864864864865,0.0,299.0,299.0
KP Pietersen,1001.0,758.0,758.0,29.0,36.0,91.0,40.0,132.05804749340368,34.51724137931034,9.0,180.0,218.0,30.0,7.266666666666667,1142.0,249.0,1391.0
KR Sen,0.0,3.0,3.0,0.0,1.0,0.0,0.0,0.0,0.0,8.0,157.0,240.0,26.1,9.171974522292993,0.0,222.0,222.0
KS Bharat,199.0,168.0,168.0,7.0,8.0,12.0,8.0,118.45238095238095,28.428571428571427,0.0,0.0,0.0,0.0,0.0,241.0,0.0,241.0
KS Sharma,4.0,4.0,4.0,1.0,1.0,1.0,0.0,100.0,4.0,0.0,0.0,0.0,0.0,0.0,3.0,0.0,3.0
KS Williamson,2105.0,1707.0,1707.0,57.0,74.0,183.0,64.0,123.31575864089046,36.92982456140351,0.0,18.0,31.0,3.0,10.333333333333334,2330.0,-2.0,2328.0
KV Sharma,317.0,285.0,285.0,21.0,34.0,18.0,14.0,111.22807017543859,15.095238095238095,64.0,1239.0,1645.0,206.3,7.966101694915254,349.0,1624.0,1973.0
KW Richardson,36.0,39.0,39.0,3.0,4.0,2.0,1.0,92.3076923076923,12.0,21.0,345.0,479.0,57.3,8.330434782608696,38.0,549.0,587.0
Kamran Akmal,128.0,78.0,78.0,4.0,6.0,13.0,8.0,164.1025641025641,32.0,0.0,0.0,0.0,0.0,0.0,177.0,0.0,177.0
Kamran Khan,3.0,5.0,5.0,1.0,1.0,0.0,0.0,60.0,3.0,14.0,177.0,248.0,29.3,8.40677966101695,1.0,374.0,375.0
Karanveer Singh,12.0,17.0,17.0,1.0,4.0,1.0,0.0,70.58823529411765,12.0,14.0,213.0,323.0,35.3,9.098591549295774,11.0,372.0,383.0
Kartik Tyagi,13.0,16.0,16.0,4.0,6.0,1.0,0.0,81.25,3.25,15.0,388.0,576.0,64.4,8.90721649484536,6.0,399.0,405.0
Kuldeep Yadav,105.0,130.0,130.0,5.0,17.0,8.0,2.0,80.76923076923077,21.0,64.0,1219.0,1671.0,203.1,8.224774405250205,135.0,1624.0,1759.0
L Ablish,0.0,2.0,2.0,0.0,1.0,0.0,0.0,0.0,0.0,5.0,45.0,76.0,7.3,10.133333333333333,0.0,147.0,147.0
L Balaji,36.0,50.0,50.0,7.0,13.0,2.0,1.0,72.0,5.142857142857143,85.0,1574.0,2083.0,262.2,7.940279542566709,30.0,2149.0,2179.0
L Ngidi,0.0,0.0,0.0,0.0,0.0,0.0,0.0,0.0,0.0,28.0,342.0,460.0,57.0,8.070175438596491,0.0,724.0,724.0
L Ronchi,34.0,37.0,37.0,3.0,5.0,6.0,1.0,91.8918918918919,11.333333333333334,0.0,0.0,0.0,0.0,0.0,40.0,0.0,40.0
LA Carseldine,81.0,71.0,71.0,3.0,5.0,11.0,0.0,114.08450704225352,27.0,1.0,7.0,6.0,1.1,5.142857142857142,98.0,25.0,123.0
LA Pomersbach,302.0,251.0,251.0,11.0,16.0,25.0,13.0,120.3187250996016,27.454545454545453,0.0,0.0,0.0,0.0,0.0,359.0,0.0,359.0
LE Plunkett,1.0,3.0,3.0,1.0,2.0,0.0,0.0,33.33333333333333,1.0,4.0,154.0,228.0,25.4,8.883116883116882,-1.0,108.0,107.0
LH Ferguson,67.0,47.0,47.0,3.0,6.0,6.0,2.0,142.5531914893617,22.333333333333332,46.0,805.0,1093.0,134.1,8.146583850931677,83.0,1174.0,1257.0
LI Meriwala,0.0,0.0,0.0,0.0,0.0,0.0,0.0,0.0,0.0,1.0,19.0,32.0,3.1,10.105263157894738,0.0,23.0,23.0
LJ Wright,106.0,63.0,63.0,4.0,5.0,16.0,3.0,168.25396825396825,26.5,2.0,75.0,125.0,12.3,10.0,148.0,48.0,196.0
LMP Simmons,1079.0,878.0,878.0,27.0,29.0,109.0,44.0,122.89293849658314,39.96296296296296,1.0,18.0,34.0,3.0,11.333333333333334,1250.0,21.0,1271.0
LPC Silva,40.0,27.0,27.0,2.0,3.0,5.0,1.0,148.14814814814815,20.0,0.0,6.0,21.0,1.0,21.0,47.0,0.0,47.0
LR Shukla,405.0,358.0,358.0,29.0,33.0,33.0,16.0,113.12849162011173,13.96551724137931,17.0,326.0,458.0,54.2,8.429447852760736,440.0,449.0,889.0
LRPL Taylor,1017.0,847.0,847.0,41.0,54.0,66.0,46.0,120.07083825265643,24.804878048780488,0.0,13.0,24.0,2.1,11.076923076923078,1121.0,-4.0,1117.0
LS Livingstone,549.0,352.0,352.0,20.0,23.0,38.0,40.0,155.9659090909091,27.45,6.0,150.0,215.0,25.0,8.6,655.0,174.0,829.0
Lalit Yadav,229.0,227.0,227.0,8.0,13.0,18.0,7.0,100.88105726872247,28.625,8.0,194.0,253.0,32.2,7.824742268041237,273.0,224.0,497.0
M Ashwin,35.0,50.0,50.0,8.0,12.0,2.0,1.0,70.0,4.375,35.0,873.0,1129.0,145.3,7.759450171821306,27.0,899.0,926.0
M Jansen,9.0,11.0,11.0,3.0,4.0,0.0,1.0,81.81818181818183,3.0,10.0,241.0,325.0,40.1,8.091286307053942,5.0,274.0,279.0
M Kaif,259.0,258.0,258.0,16.0,22.0,22.0,6.0,100.3875968992248,16.1875,0.0,0.0,0.0,0.0,0.0,289.0,0.0,289.0
M Kartik,113.0,109.0,109.0,7.0,14.0,7.0,1.0,103.6697247706422,16.142857142857142,39.0,1182.0,1418.0,197.0,7.197969543147208,136.0,999.0,1135.0
M Klinger,73.0,78.0,78.0,4.0,4.0,9.0,0.0,93.58974358974359,18.25,0.0,0.0,0.0,0.0,0.0,86.0,0.0,86.0
M Manhas,514.0,486.0,486.0,24.0,38.0,43.0,10.0,105.76131687242798,21.416666666666668,0.0,42.0,42.0,7.0,6.0,557.0,0.0,557.0
M Markande,27.0,30.0,30.0,3.0,7.0,3.0,0.0,90.0,9.0,17.0,365.0,522.0,60.5,8.580821917808219,24.0,449.0,473.0
M Morkel,126.0,93.0,93.0,11.0,20.0,11.0,5.0,135.48387096774192,11.454545454545455,88.0,1699.0,2136.0,283.1,7.543260741612713,153.0,2224.0,2377.0
M Muralitharan,20.0,30.0,30.0,6.0,9.0,1.0,0.0,66.66666666666666,3.3333333333333335,67.0,1581.0,1765.0,263.3,6.698292220113852,9.0,1699.0,1708.0
M Ntini,11.0,19.0,19.0,1.0,2.0,2.0,0.0,57.89473684210527,11.0,8.0,213.0,257.0,35.3,7.23943661971831,11.0,224.0,235.0
M Pathirana,0.0,0.0,0.0,0.0,0.0,0.0,0.0,0.0,0.0,2.0,48.0,56.0,8.0,7.0,0.0,50.0,50.0
M Prasidh Krishna,9.0,24.0,24.0,2.0,7.0,0.0,0.0,37.5,4.5,54.0,1231.0,1741.0,205.1,8.48578391551584,5.0,1374.0,1379.0
M Rawat,55.0,70.0,70.0,5.0,11.0,4.0,1.0,78.57142857142857,11.0,0.0,0.0,0.0,0.0,0.0,63.0,0.0,63.0
M Shahrukh Khan,270.0,236.0,236.0,13.0,18.0,13.0,19.0,114.40677966101696,20.76923076923077,0.0,0.0,0.0,0.0,0.0,323.0,0.0,323.0
M Theekshana,7.0,7.0,7.0,1.0,2.0,0.0,1.0,100.0,7.0,12.0,212.0,267.0,35.2,7.556603773584905,7.0,324.0,331.0
M Vijay,2619.0,2208.0,2208.0,97.0,105.0,247.0,91.0,118.61413043478262,27.0,0.0,37.0,49.0,6.1,7.945945945945946,2882.0,0.0,2882.0
M Vohra,1073.0,852.0,852.0,47.0,50.0,103.0,43.0,125.93896713615023,22.829787234042552,0.0,0.0,0.0,0.0,0.0,1196.0,0.0,1196.0
M de Lange,1.0,2.0,2.0,1.0,1.0,0.0,0.0,50.0,1.0,6.0,116.0,171.0,19.2,8.844827586206897,-1.0,174.0,173.0
MA Agarwal,2335.0,1803.0,1803.0,102.0,107.0,228.0,91.0,129.5063782584581,22.892156862745097,0.0,0.0,0.0,0.0,0.0,2569.0,0.0,2569.0
MA Khote,24.0,22.0,22.0,2.0,3.0,2.0,1.0,109.09090909090908,12.0,2.0,30.0,52.0,5.0,10.4,24.0,48.0,72.0
MA Starc,96.0,98.0,98.0,6.0,11.0,10.0,0.0,97.95918367346938,16.0,39.0,612.0,725.0,102.0,7.107843137254902,106.0,999.0,1105.0
MA Wood,1.0,5.0,5.0,1.0,1.0,0.0,0.0,20.0,1.0,0.0,25.0,50.0,4.1,12.0,-1.0,-4.0,-5.0
MB Parmar,0.0,0.0,0.0,0.0,0.0,0.0,0.0,0.0,0.0,0.0,19.0,33.0,3.1,10.421052631578949,0.0,-2.0,-2.0
MC Henriques,1000.0,801.0,801.0,38.0,54.0,87.0,28.0,124.84394506866417,26.31578947368421,46.0,979.0,1302.0,163.1,7.9795709908069465,1095.0,1174.0,2269.0
MC Juneja,125.0,134.0,134.0,7.0,7.0,11.0,1.0,93.28358208955224,17.857142857142858,0.0,0.0,0.0,0.0,0.0,152.0,0.0,152.0
MD Mishra,237.0,213.0,213.0,15.0,17.0,24.0,8.0,111.26760563380283,15.8,0.0,0.0,0.0,0.0,0.0,275.0,0.0,275.0
MDKJ Perera,14.0,13.0,13.0,2.0,2.0,3.0,0.0,107.6923076923077,7.0,0.0,0.0,0.0,0.0,0.0,13.0,0.0,13.0
MEK Hussey,1977.0,1648.0,1648.0,52.0,58.0,198.0,52.0,119.96359223300972,38.01923076923077,0.0,0.0,0.0,0.0,0.0,2203.0,0.0,2203.0
MF Maharoof,177.0,124.0,124.0,10.0,14.0,12.0,9.0,142.74193548387098,17.7,33.0,441.0,532.0,73.3,7.238095238095238,215.0,849.0,1064.0
MG Johnson,167.0,168.0,168.0,14.0,28.0,10.0,7.0,99.40476190476191,11.928571428571429,66.0,1301.0,1740.0,216.5,8.024596464258263,191.0,1674.0,1865.0
MG Neser,0.0,0.0,0.0,0.0,0.0,0.0,0.0,0.0,0.0,0.0,25.0,62.0,4.1,14.879999999999999,0.0,-4.0,-4.0
MJ Clarke,98.0,96.0,96.0,6.0,6.0,12.0,0.0,102.08333333333333,16.333333333333332,3.0,66.0,72.0,11.0,6.545454545454546,110.0,83.0,193.0
MJ Guptill,271.0,197.0,197.0,12.0,13.0,24.0,15.0,137.56345177664974,22.583333333333332,0.0,0.0,0.0,0.0,0.0,329.0,0.0,329.0
MJ Henry,0.0,0.0,0.0,0.0,0.0,0.0,0.0,0.0,0.0,2.0,31.0,71.0,5.1,13.741935483870966,0.0,46.0,46.0
MJ Lumb,278.0,198.0,198.0,10.0,12.0,45.0,6.0,140.4040404040404,27.8,0.0,0.0,0.0,0.0,0.0,343.0,0.0,343.0
MJ McClenaghan,85.0,73.0,73.0,11.0,20.0,5.0,7.0,116.43835616438356,7.7272727272727275,75.0,1346.0,1839.0,224.2,8.197622585438335,94.0,1899.0,1993.0
MJ Santner,54.0,55.0,55.0,3.0,6.0,3.0,3.0,98.18181818181819,18.0,10.0,244.0,282.0,40.4,6.9344262295081975,69.0,274.0,343.0
MK Lomror,267.0,214.0,214.0,13.0,15.0,15.0,13.0,124.76635514018693,20.53846153846154,1.0,73.0,92.0,12.1,7.561643835616438,310.0,25.0,335.0
MK Pandey,3657.0,3106.0,3106.0,122.0,148.0,318.0,106.0,117.73985833869929,29.975409836065573,0.0,0.0,0.0,0.0,0.0,3971.0,0.0,3971.0
MK Tiwary,1695.0,1489.0,1489.0,61.0,83.0,156.0,40.0,113.83478844862324,27.78688524590164,1.0,45.0,83.0,7.3,11.066666666666666,1837.0,21.0,1858.0
ML Hayden,1107.0,839.0,839.0,28.0,32.0,121.0,44.0,131.94278903456495,39.535714285714285,0.0,0.0,0.0,0.0,0.0,1288.0,0.0,1288.0
MM Ali,910.0,652.0,652.0,37.0,42.0,76.0,53.0,139.57055214723925,24.594594594594593,29.0,564.0,631.0,94.0,6.712765957446808,1046.0,749.0,1795.0
MM Patel,39.0,41.0,41.0,5.0,12.0,5.0,0.0,95.1219512195122,7.8,82.0,1382.0,1733.0,230.2,7.523878437047757,38.0,2074.0,2112.0
MM Sharma,122.0,120.0,120.0,14.0,25.0,9.0,4.0,101.66666666666666,8.714285714285714,100.0,1795.0,2488.0,299.1,8.316434540389972,139.0,2524.0,2663.0
MN Samuels,161.0,174.0,174.0,12.0,14.0,9.0,7.0,92.52873563218391,13.416666666666666,10.0,219.0,285.0,36.3,7.808219178082192,188.0,274.0,462.0
MN van Wyk,167.0,135.0,135.0,3.0,5.0,19.0,1.0,123.7037037037037,55.666666666666664,0.0,0.0,0.0,0.0,0.0,210.0,0.0,210.0
MP Stoinis,1070.0,813.0,813.0,41.0,59.0,83.0,48.0,131.61131611316114,26.097560975609756,35.0,675.0,1072.0,112.3,9.528888888888888,1195.0,897.0,2092.0
MR Marsh,476.0,394.0,394.0,20.0,23.0,28.0,28.0,120.81218274111676,23.8,24.0,407.0,528.0,67.5,7.783783783783784,548.0,624.0,1172.0
MS Bisla,798.0,737.0,737.0,37.0,39.0,93.0,23.0,108.27679782903662,21.56756756756757,0.0,0.0,0.0,0.0,0.0,891.0,0.0,891.0
MS Dhoni,4978.0,3802.0,3802.0,142.0,205.0,346.0,229.0,130.93108890057866,35.056338028169016,0.0,0.0,0.0,0.0,0.0,5526.0,0.0,5526.0
MS Gony,99.0,76.0,76.0,9.0,15.0,6.0,8.0,130.26315789473685,11.0,39.0,925.0,1317.0,154.1,8.542702702702703,115.0,999.0,1114.0
MS Wade,179.0,178.0,178.0,12.0,13.0,23.0,2.0,100.56179775280899,14.916666666666666,0.0,0.0,0.0,0.0,0.0,210.0,0.0,210.0
MV Boucher,394.0,318.0,318.0,15.0,23.0,32.0,13.0,123.89937106918238,26.266666666666666,0.0,0.0,0.0,0.0,0.0,450.0,0.0,450.0
Mandeep Singh,1692.0,1402.0,1402.0,82.0,94.0,176.0,37.0,120.68473609129815,20.634146341463413,0.0,12.0,26.0,2.0,13.0,1806.0,-4.0,1802.0
Mashrafe Mortaza,2.0,2.0,2.0,0.0,1.0,0.0,0.0,100.0,2.0,1.0,28.0,59.0,4.4,12.642857142857142,2.0,21.0,23.0
Misbah-ul-Haq,117.0,82.0,82.0,9.0,8.0,10.0,6.0,142.6829268292683,13.0,0.0,0.0,0.0,0.0,0.0,149.0,0.0,149.0
Mohammad Ashraful,2.0,12.0,12.0,1.0,1.0,0.0,0.0,16.666666666666664,2.0,0.0,0.0,0.0,0.0,0.0,0.0,0.0,0.0
Mohammad Asif,3.0,6.0,6.0,2.0,2.0,0.0,0.0,50.0,1.5,9.0,199.0,307.0,33.1,9.256281407035177,-1.0,247.0,246.0
Mohammad Hafeez,64.0,84.0,84.0,8.0,8.0,7.0,2.0,76.19047619047619,8.0,2.0,63.0,71.0,10.3,6.761904761904762,71.0,50.0,121.0
Mohammad Nabi,186.0,126.0,126.0,13.0,14.0,16.0,10.0,147.61904761904762,14.307692307692308,13.0,345.0,417.0,57.3,7.252173913043478,224.0,349.0,573.0
Mohammed Shami,69.0,74.0,74.0,11.0,21.0,5.0,2.0,93.24324324324324,6.2727272727272725,116.0,2118.0,2954.0,353.0,8.36827195467422,68.0,2924.0,2992.0
Mohammed Siraj,96.0,111.0,111.0,8.0,17.0,10.0,2.0,86.48648648648648,12.0,61.0,1402.0,1992.0,233.4,8.524964336661911,106.0,1549.0,1655.0
Mohsin Khan,23.0,19.0,19.0,1.0,3.0,2.0,1.0,121.05263157894737,23.0,14.0,206.0,202.0,34.2,5.883495145631067,25.0,378.0,403.0
Monu Kumar,0.0,0.0,0.0,0.0,0.0,0.0,0.0,0.0,0.0,0.0,16.0,20.0,2.4,7.5,0.0,0.0,0.0
Mujeeb Ur Rahman,12.0,15.0,15.0,3.0,6.0,2.0,0.0,80.0,4.0,20.0,452.0,598.0,75.2,7.938053097345133,8.0,524.0,532.0
Mukesh Choudhary,6.0,6.0,6.0,0.0,2.0,1.0,0.0,100.0,6.0,16.0,291.0,425.0,48.3,8.762886597938145,7.0,424.0,431.0
Mustafizur Rahman,12.0,22.0,22.0,1.0,5.0,0.0,1.0,54.54545454545454,12.0,55.0,1086.0,1389.0,181.0,7.6740331491712706,12.0,1399.0,1411.0
N Jagadeesan,73.0,71.0,71.0,3.0,4.0,7.0,1.0,102.8169014084507,24.333333333333332,0.0,0.0,0.0,0.0,0.0,88.0,0.0,88.0
N Pooran,912.0,630.0,630.0,37.0,43.0,52.0,65.0,144.76190476190476,24.64864864864865,0.0,0.0,0.0,0.0,0.0,1048.0,0.0,1048.0
N Rana,2181.0,1677.0,1677.0,79.0,85.0,190.0,111.0,130.05366726296958,27.60759493670886,7.0,131.0,178.0,21.5,8.15267175572519,2463.0,199.0,2662.0
N Saini,140.0,143.0,143.0,11.0,10.0,16.0,0.0,97.9020979020979,12.727272727272727,0.0,0.0,0.0,0.0,0.0,162.0,0.0,162.0
NB Singh,0.0,0.0,0.0,0.0,0.0,0.0,0.0,0.0,0.0,1.0,25.0,18.0,4.1,4.319999999999999,0.0,33.0,33.0
ND Doshi,0.0,13.0,13.0,1.0,1.0,0.0,0.0,0.0,0.0,2.0,57.0,79.0,9.3,8.31578947368421,-2.0,50.0,48.0
NJ Maddinson,20.0,21.0,21.0,3.0,3.0,4.0,0.0,95.23809523809523,6.666666666666667,0.0,0.0,0.0,0.0,0.0,18.0,0.0,18.0
NJ Rimmington,1.0,1.0,1.0,0.0,1.0,0.0,0.0,100.0,1.0,0.0,18.0,20.0,3.0,6.666666666666667,1.0,0.0,1.0
NK Patel,121.0,124.0,124.0,5.0,6.0,14.0,1.0,97.58064516129032,24.2,0.0,0.0,0.0,0.0,0.0,155.0,0.0,155.0
NL McCullum,26.0,23.0,23.0,3.0,2.0,0.0,1.0,113.04347826086956,8.666666666666666,0.0,30.0,35.0,5.0,7.0,22.0,0.0,22.0
NLTC Perera,424.0,326.0,326.0,24.0,30.0,23.0,26.0,130.06134969325154,17.666666666666668,37.0,715.0,1031.0,119.1,8.651748251748252,479.0,949.0,1428.0
NM Coulter-Nile,82.0,75.0,75.0,10.0,16.0,7.0,4.0,109.33333333333333,8.2,52.0,892.0,1125.0,148.4,7.567264573991032,89.0,1324.0,1413.0
NS Naik,31.0,53.0,53.0,4.0,4.0,2.0,0.0,58.490566037735846,7.75,0.0,0.0,0.0,0.0,0.0,29.0,0.0,29.0
NT Ellis,18.0,19.0,19.0,2.0,3.0,0.0,1.0,94.73684210526315,9.0,5.0,108.0,148.0,18.0,8.222222222222221,16.0,149.0,165.0
NV Ojha,1554.0,1360.0,1360.0,74.0,94.0,121.0,79.0,114.26470588235293,21.0,0.0,0.0,0.0,0.0,0.0,1713.0,0.0,1713.0
Navdeep Saini,33.0,38.0,38.0,4.0,7.0,3.0,0.0,86.8421052631579,8.25,23.0,657.0,928.0,109.3,8.474885844748858,32.0,599.0,631.0
O Thomas,0.0,0.0,0.0,0.0,0.0,0.0,0.0,0.0,0.0,5.0,63.0,85.0,10.3,8.095238095238095,0.0,149.0,149.0
OA Shah,506.0,405.0,405.0,13.0,22.0,34.0,23.0,124.93827160493827,38.92307692307692,0.0,0.0,0.0,0.0,0.0,588.0,0.0,588.0
OC McCoy,8.0,5.0,5.0,0.0,1.0,0.0,1.0,160.0,8.0,11.0,173.0,242.0,28.5,8.39306358381503,10.0,299.0,309.0
OF Smith,51.0,50.0,50.0,3.0,6.0,1.0,5.0,102.0,17.0,7.0,95.0,179.0,15.5,11.305263157894736,68.0,195.0,263.0
P Amarnath,0.0,0.0,0.0,0.0,0.0,0.0,0.0,0.0,0.0,7.0,132.0,241.0,22.0,10.954545454545455,0.0,197.0,197.0
P Awana,5.0,14.0,14.0,3.0,5.0,0.0,0.0,35.714285714285715,1.6666666666666667,43.0,774.0,1046.0,129.0,8.108527131782946,-1.0,1099.0,1098.0
P Chopra,8.0,6.0,6.0,1.0,1.0,2.0,0.0,133.33333333333331,8.0,0.0,0.0,0.0,0.0,0.0,8.0,0.0,8.0
P Dogra,127.0,141.0,141.0,12.0,12.0,4.0,5.0,90.0709219858156,10.583333333333334,0.0,0.0,0.0,0.0,0.0,145.0,0.0,145.0
P Dubey,7.0,13.0,13.0,0.0,1.0,0.0,0.0,53.84615384615385,7.0,0.0,48.0,72.0,8.0,9.0,7.0,0.0,7.0
P Kumar,340.0,323.0,323.0,34.0,57.0,22.0,17.0,105.26315789473684,10.0,102.0,2637.0,3342.0,439.3,7.604095563139932,356.0,2574.0,2930.0
P Negi,365.0,301.0,301.0,26.0,35.0,27.0,16.0,121.26245847176081,14.038461538461538,38.0,733.0,954.0,122.1,7.80900409276944,400.0,974.0,1374.0
P Parameswaran,1.0,3.0,3.0,0.0,2.0,0.0,0.0,33.33333333333333,1.0,9.0,159.0,226.0,26.3,8.528301886792454,1.0,249.0,250.0
P Prasanth,0.0,0.0,0.0,0.0,0.0,0.0,0.0,0.0,0.0,0.0,6.0,18.0,1.0,18.0,0.0,0.0,0.0
P Ray Barman,19.0,25.0,25.0,1.0,1.0,2.0,0.0,76.0,19.0,0.0,24.0,56.0,4.0,14.0,19.0,-4.0,15.0
P Sahu,19.0,13.0,13.0,0.0,2.0,1.0,1.0,146.15384615384613,19.0,3.0,107.0,152.0,17.5,8.52336448598131,22.0,83.0,105.0
P Simran Singh,64.0,67.0,67.0,6.0,6.0,6.0,2.0,95.52238805970148,10.666666666666666,0.0,0.0,0.0,0.0,0.0,74.0,0.0,74.0
P Suyal,0.0,0.0,0.0,0.0,0.0,0.0,0.0,0.0,0.0,2.0,107.0,154.0,17.5,8.63551401869159,0.0,50.0,50.0
PA Patel,2848.0,2442.0,2442.0,127.0,136.0,365.0,49.0,116.62571662571663,22.4251968503937,0.0,0.0,0.0,0.0,0.0,3085.0,0.0,3085.0
PA Reddy,164.0,167.0,167.0,10.0,10.0,15.0,2.0,98.20359281437125,16.4,0.0,0.0,0.0,0.0,0.0,191.0,0.0,191.0
PBB Rajapaksa,206.0,137.0,137.0,9.0,9.0,16.0,13.0,150.36496350364962,22.88888888888889,0.0,0.0,0.0,0.0,0.0,258.0,0.0,258.0
PC Valthaty,505.0,432.0,432.0,22.0,23.0,61.0,20.0,116.89814814814814,22.954545454545453,7.0,153.0,207.0,25.3,8.117647058823529,590.0,199.0,789.0
PD Collingwood,203.0,159.0,159.0,4.0,7.0,9.0,13.0,127.67295597484276,50.75,5.0,90.0,101.0,15.0,6.733333333333333,258.0,149.0,407.0
PH Solanki,0.0,0.0,0.0,0.0,0.0,0.0,0.0,0.0,0.0,2.0,36.0,39.0,6.0,6.5,0.0,50.0,50.0
PJ Cummins,379.0,260.0,260.0,22.0,29.0,24.0,26.0,145.76923076923077,17.227272727272727,48.0,995.0,1405.0,165.5,8.472361809045225,439.0,1224.0,1663.0
PJ Sangwan,26.0,47.0,47.0,8.0,14.0,1.0,0.0,55.319148936170215,3.25,44.0,905.0,1267.0,150.5,8.4,11.0,1124.0,1135.0
PK Garg,251.0,224.0,224.0,16.0,17.0,15.0,9.0,112.05357142857142,15.6875,0.0,0.0,0.0,0.0,0.0,280.0,0.0,280.0
PM Sarvesh Kumar,1.0,2.0,2.0,0.0,1.0,0.0,0.0,50.0,1.0,1.0,31.0,42.0,5.1,8.129032258064516,1.0,25.0,26.0
PN Mankad,4.0,1.0,1.0,0.0,1.0,1.0,0.0,400.0,4.0,0.0,0.0,0.0,0.0,0.0,5.0,0.0,5.0
PP Chawla,584.0,543.0,543.0,51.0,76.0,54.0,18.0,107.55064456721914,11.450980392156863,165.0,3309.0,4368.0,551.3,7.9202175883952854,600.0,4149.0,4749.0
PP Ojha,16.0,45.0,45.0,10.0,19.0,0.0,0.0,35.55555555555556,1.6,99.0,1945.0,2399.0,324.1,7.40051413881748,-4.0,2499.0,2495.0
PP Shaw,1588.0,1106.0,1106.0,61.0,63.0,192.0,55.0,143.58047016274864,26.0327868852459,0.0,0.0,0.0,0.0,0.0,1796.0,0.0,1796.0
PR Shah,92.0,97.0,97.0,8.0,9.0,9.0,2.0,94.84536082474226,11.5,0.0,0.0,0.0,0.0,0.0,101.0,0.0,101.0
PSP Handscomb,6.0,12.0,12.0,1.0,1.0,0.0,0.0,50.0,6.0,0.0,0.0,0.0,0.0,0.0,4.0,0.0,4.0
PV Tambe,18.0,39.0,39.0,1.0,6.0,1.0,0.0,46.15384615384615,18.0,28.0,674.0,866.0,112.2,7.70919881305638,17.0,724.0,741.0
PVD Chameera,43.0,32.0,32.0,3.0,7.0,3.0,3.0,134.375,14.333333333333334,11.0,278.0,393.0,46.2,8.482014388489208,50.0,299.0,349.0
PWH de Silva,39.0,50.0,50.0,8.0,9.0,4.0,1.0,78.0,4.875,27.0,382.0,499.0,63.4,7.837696335078534,33.0,699.0,732.0
Pankaj Singh,7.0,12.0,12.0,2.0,5.0,0.0,0.0,58.333333333333336,3.5,11.0,311.0,472.0,51.5,9.106109324758842,3.0,297.0,300.0
Parvez Rasool,17.0,20.0,20.0,2.0,4.0,1.0,0.0,85.0,8.5,4.0,200.0,273.0,33.2,8.19,14.0,108.0,122.0
Q de Kock,2767.0,2113.0,2113.0,86.0,92.0,277.0,106.0,130.9512541410317,32.174418604651166,0.0,0.0,0.0,0.0,0.0,3112.0,0.0,3112.0
R Ashwin,647.0,567.0,567.0,48.0,72.0,51.0,21.0,114.10934744268077,13.479166666666666,174.0,4024.0,4596.0,670.4,6.852882703777336,672.0,4374.0,5046.0
R Bhatia,342.0,290.0,290.0,29.0,47.0,24.0,13.0,117.9310344827586,11.793103448275861,82.0,1661.0,2059.0,276.5,7.437688139674895,362.0,2074.0,2436.0
R Bishnoi,19.0,17.0,17.0,3.0,3.0,1.0,2.0,111.76470588235294,6.333333333333333,0.0,0.0,0.0,0.0,0.0,18.0,0.0,18.0
R Dhawan,190.0,176.0,176.0,9.0,20.0,17.0,6.0,107.95454545454545,21.11111111111111,26.0,632.0,819.0,105.2,7.775316455696203,229.0,674.0,903.0
R Dravid,2174.0,1918.0,1918.0,77.0,82.0,269.0,28.0,113.34723670490095,28.233766233766232,0.0,0.0,0.0,0.0,0.0,2373.0,0.0,2373.0
R McLaren,159.0,178.0,178.0,8.0,13.0,14.0,1.0,89.32584269662921,19.875,14.0,372.0,558.0,62.0,9.0,187.0,374.0,561.0
R Ninan,3.0,6.0,6.0,1.0,1.0,0.0,0.0,50.0,3.0,3.0,36.0,65.0,6.0,10.833333333333334,1.0,81.0,82.0
R Parag,522.0,434.0,434.0,29.0,37.0,40.0,22.0,120.27649769585254,18.0,5.0,162.0,280.0,27.0,10.37037037037037,576.0,147.0,723.0
R Powell,250.0,174.0,174.0,11.0,12.0,10.0,22.0,143.67816091954023,22.727272727272727,0.0,7.0,17.0,1.1,14.571428571428571,310.0,0.0,310.0
R Rampaul,51.0,52.0,52.0,5.0,7.0,3.0,2.0,98.07692307692307,10.2,17.0,278.0,319.0,46.2,6.884892086330935,60.0,449.0,509.0
R Sai Kishore,0.0,0.0,0.0,0.0,0.0,0.0,0.0,0.0,0.0,6.0,98.0,122.0,16.2,7.469387755102042,0.0,174.0,174.0
R Sanjay Yadav,0.0,2.0,2.0,1.0,1.0,0.0,0.0,0.0,0.0,0.0,14.0,23.0,2.2,9.857142857142856,-2.0,-2.0,-4.0
R Sathish,270.0,236.0,236.0,16.0,24.0,22.0,6.0,114.40677966101696,16.875,6.0,144.0,233.0,24.0,9.708333333333334,300.0,172.0,472.0
R Sharma,66.0,77.0,77.0,11.0,19.0,5.0,3.0,85.71428571428571,6.0,42.0,935.0,1100.0,155.5,7.0588235294117645,67.0,1074.0,1141.0
R Shepherd,58.0,43.0,43.0,3.0,3.0,2.0,5.0,134.88372093023256,19.333333333333332,4.0,57.0,98.0,9.3,10.31578947368421,76.0,106.0,182.0
R Shukla,19.0,23.0,23.0,2.0,4.0,2.0,0.0,82.6086956521739,9.5,7.0,130.0,217.0,21.4,10.015384615384615,17.0,197.0,214.0
R Tewatia,738.0,588.0,588.0,31.0,46.0,57.0,35.0,125.51020408163265,23.806451612903224,36.0,852.0,1102.0,142.0,7.76056338028169,831.0,924.0,1755.0
R Vinay Kumar,310.0,289.0,289.0,26.0,42.0,21.0,9.0,107.26643598615917,11.923076923076923,127.0,2186.0,3041.0,364.2,8.346752058554438,325.0,3199.0,3524.0
RA Bawa,11.0,14.0,14.0,2.0,2.0,1.0,0.0,78.57142857142857,5.5,0.0,0.0,0.0,0.0,0.0,8.0,0.0,8.0
RA Jadeja,2502.0,2049.0,2049.0,100.0,157.0,182.0,90.0,122.10834553440704,25.02,141.0,3262.0,4114.0,543.4,7.5671367259350095,2692.0,3549.0,6241.0
RA Shaikh,0.0,0.0,0.0,0.0,0.0,0.0,0.0,0.0,0.0,0.0,6.0,11.0,1.0,11.0,0.0,0.0,0.0
RA Tripathi,1798.0,1312.0,1312.0,64.0,74.0,176.0,68.0,137.04268292682926,28.09375,0.0,6.0,12.0,1.0,12.0,2010.0,0.0,2010.0
RD Chahar,108.0,102.0,102.0,13.0,18.0,10.0,4.0,105.88235294117648,8.307692307692308,58.0,1207.0,1497.0,201.1,7.441590720795361,128.0,1474.0,1602.0
RD Gaikwad,1207.0,945.0,945.0,32.0,36.0,113.0,43.0,127.72486772486774,37.71875,0.0,0.0,0.0,0.0,0.0,1370.0,0.0,1370.0
RE Levi,83.0,74.0,74.0,6.0,6.0,10.0,4.0,112.16216216216218,13.833333333333334,0.0,0.0,0.0,0.0,0.0,101.0,0.0,101.0
RE van der Merwe,159.0,144.0,144.0,12.0,15.0,11.0,8.0,110.41666666666667,13.25,25.0,455.0,515.0,75.5,6.791208791208792,190.0,649.0,839.0
RG More,2.0,2.0,2.0,0.0,1.0,0.0,0.0,100.0,2.0,1.0,37.0,63.0,6.1,10.216216216216216,2.0,23.0,25.0
RG Sharma,5881.0,4632.0,4632.0,203.0,221.0,519.0,241.0,126.96459412780656,28.970443349753694,16.0,349.0,462.0,58.1,7.9426934097421205,6504.0,424.0,6928.0
RJ Harris,117.0,112.0,112.0,12.0,21.0,6.0,3.0,104.46428571428572,9.75,47.0,865.0,1085.0,144.1,7.526011560693642,133.0,1199.0,1332.0
RJ Peterson,32.0,32.0,32.0,3.0,5.0,3.0,1.0,100.0,10.666666666666666,3.0,48.0,70.0,8.0,8.75,35.0,83.0,118.0
RJ Quiney,103.0,105.0,105.0,7.0,7.0,12.0,3.0,98.09523809523809,14.714285714285714,0.0,0.0,0.0,0.0,0.0,135.0,0.0,135.0
RK Bhui,7.0,18.0,18.0,2.0,2.0,0.0,0.0,38.88888888888889,3.5,0.0,0.0,0.0,0.0,0.0,3.0,0.0,3.0
RK Singh,251.0,204.0,204.0,12.0,15.0,23.0,9.0,123.03921568627452,20.916666666666668,0.0,0.0,0.0,0.0,0.0,296.0,0.0,296.0
RM Patidar,404.0,297.0,297.0,10.0,11.0,30.0,21.0,136.02693602693603,40.4,0.0,0.0,0.0,0.0,0.0,484.0,0.0,484.0
RN ten Doeschate,326.0,238.0,238.0,17.0,21.0,26.0,15.0,136.9747899159664,19.176470588235293,3.0,83.0,94.0,13.5,6.795180722891566,376.0,83.0,459.0
RP Meredith,0.0,1.0,1.0,1.0,1.0,0.0,0.0,0.0,0.0,14.0,289.0,412.0,48.1,8.55363321799308,-2.0,374.0,372.0
RP Singh,52.0,78.0,78.0,15.0,28.0,2.0,1.0,66.66666666666666,3.466666666666667,100.0,1874.0,2417.0,312.2,7.738527214514408,38.0,2524.0,2562.0
RR Bhatkal,0.0,2.0,2.0,2.0,1.0,0.0,0.0,0.0,0.0,0.0,12.0,35.0,2.0,17.5,-4.0,-4.0,-8.0
RR Bose,0.0,0.0,0.0,0.0,0.0,0.0,0.0,0.0,0.0,0.0,12.0,24.0,2.0,12.0,0.0,-4.0,-4.0
RR Pant,2851.0,2000.0,2000.0,85.0,97.0,262.0,129.0,142.55,33.54117647058823,0.0,0.0,0.0,0.0,0.0,3229.0,0.0,3229.0
RR Powar,67.0,64.0,64.0,3.0,9.0,6.0,1.0,104.6875,22.333333333333332,15.0,443.0,538.0,73.5,7.286681715575622,81.0,399.0,480.0
RR Raje,20.0,18.0,18.0,1.0,5.0,1.0,1.0,111.11111111111111,20.0,7.0,144.0,214.0,24.0,8.916666666666666,21.0,199.0,220.0
RR Rossouw,53.0,51.0,51.0,6.0,5.0,3.0,3.0,103.921568627451,8.833333333333334,0.0,0.0,0.0,0.0,0.0,62.0,0.0,62.0
RR Sarwan,73.0,78.0,78.0,3.0,4.0,6.0,1.0,93.58974358974359,24.333333333333332,0.0,0.0,0.0,0.0,0.0,87.0,0.0,87.0
RS Bopara,531.0,468.0,468.0,19.0,22.0,39.0,16.0,113.46153846153845,27.94736842105263,13.0,213.0,301.0,35.3,8.47887323943662,592.0,349.0,941.0
RS Gavaskar,2.0,8.0,8.0,1.0,1.0,0.0,0.0,25.0,2.0,0.0,6.0,8.0,1.0,8.0,0.0,0.0,0.0
RS Sodhi,4.0,2.0,2.0,0.0,1.0,1.0,0.0,200.0,4.0,0.0,0.0,0.0,0.0,0.0,5.0,0.0,5.0
RT Ponting,91.0,129.0,129.0,8.0,9.0,5.0,2.0,70.54263565891473,11.375,0.0,0.0,0.0,0.0,0.0,96.0,0.0,96.0
RV Gomez,50.0,53.0,53.0,7.0,9.0,5.0,1.0,94.33962264150944,7.142857142857143,6.0,97.0,130.0,16.1,8.041237113402062,55.0,174.0,229.0
RV Patel,31.0,32.0,32.0,2.0,3.0,3.0,1.0,96.875,15.5,0.0,20.0,22.0,3.2,6.6,36.0,0.0,36.0
RV Uthappa,4954.0,3927.0,3927.0,184.0,197.0,481.0,182.0,126.15227909345556,26.92391304347826,0.0,0.0,0.0,0.0,0.0,5459.0,0.0,5459.0
RW Price,0.0,0.0,0.0,0.0,0.0,0.0,0.0,0.0,0.0,0.0,18.0,33.0,3.0,11.0,0.0,-2.0,-2.0
Ramandeep Singh,45.0,42.0,42.0,2.0,4.0,3.0,1.0,107.14285714285714,22.5,6.0,41.0,55.0,6.5,8.048780487804878,50.0,174.0,224.0
Rashid Khan,313.0,214.0,214.0,28.0,41.0,20.0,22.0,146.26168224299064,11.178571428571429,119.0,2232.0,2411.0,372.0,6.481182795698925,349.0,2999.0,3348.0
Rasikh Salam,12.0,10.0,10.0,1.0,2.0,1.0,0.0,120.0,12.0,0.0,51.0,70.0,8.3,8.235294117647058,11.0,0.0,11.0
Ravi Bishnoi,8.0,18.0,18.0,2.0,4.0,1.0,0.0,44.44444444444444,4.0,41.0,878.0,1083.0,146.2,7.400911161731207,5.0,1049.0,1054.0
S Anirudha,136.0,121.0,121.0,8.0,12.0,9.0,7.0,112.39669421487604,17.0,0.0,0.0,0.0,0.0,0.0,171.0,0.0,171.0
S Aravind,59.0,59.0,59.0,3.0,10.0,7.0,0.0,100.0,19.666666666666668,48.0,788.0,1057.0,131.2,8.048223350253807,72.0,1224.0,1296.0
S Badree,13.0,25.0,25.0,5.0,5.0,0.0,0.0,52.0,2.6,11.0,263.0,329.0,43.5,7.505703422053232,3.0,299.0,302.0
S Badrinath,1441.0,1245.0,1245.0,48.0,65.0,154.0,28.0,115.74297188755021,30.020833333333332,0.0,0.0,0.0,0.0,0.0,1583.0,0.0,1583.0
S Chanderpaul,25.0,33.0,33.0,3.0,3.0,4.0,0.0,75.75757575757575,8.333333333333334,0.0,0.0,0.0,0.0,0.0,23.0,0.0,23.0
S Dhawan,6244.0,5083.0,5083.0,179.0,205.0,701.0,137.0,122.84084202242771,34.88268156424581,4.0,49.0,72.0,8.1,8.816326530612246,6889.0,108.0,6997.0
S Dube,688.0,541.0,541.0,28.0,33.0,46.0,38.0,127.17190388170056,24.571428571428573,5.0,111.0,176.0,18.3,9.513513513513514,782.0,147.0,929.0
S Gopal,180.0,173.0,173.0,13.0,22.0,19.0,2.0,104.04624277456647,13.846153846153847,50.0,958.0,1291.0,159.4,8.085594989561587,205.0,1274.0,1479.0
S Kaul,20.0,36.0,36.0,3.0,9.0,1.0,0.0,55.55555555555556,6.666666666666667,63.0,1238.0,1772.0,206.2,8.588045234248789,15.0,1599.0,1614.0
S Kaushik,0.0,1.0,1.0,1.0,1.0,0.0,0.0,0.0,0.0,6.0,210.0,304.0,35.0,8.685714285714285,-2.0,174.0,172.0
S Ladda,0.0,10.0,10.0,2.0,2.0,0.0,0.0,0.0,0.0,5.0,141.0,225.0,23.3,9.574468085106384,-4.0,147.0,143.0
S Lamichhane,0.0,1.0,1.0,1.0,1.0,0.0,0.0,0.0,0.0,14.0,211.0,297.0,35.1,8.445497630331754,-2.0,374.0,372.0
S Midhun,0.0,0.0,0.0,0.0,0.0,0.0,0.0,0.0,0.0,0.0,13.0,29.0,2.1,13.384615384615385,0.0,-4.0,-4.0
S Nadeem,39.0,88.0,88.0,16.0,20.0,2.0,0.0,44.31818181818182,2.4375,54.0,1444.0,1800.0,240.4,7.4792243767313025,13.0,1374.0,1387.0
S Narwal,37.0,29.0,29.0,4.0,4.0,6.0,0.0,127.58620689655173,9.25,6.0,113.0,203.0,18.5,10.778761061946904,39.0,172.0,211.0
S Rana,91.0,82.0,82.0,5.0,8.0,9.0,1.0,110.97560975609757,18.2,0.0,16.0,18.0,2.4,6.75,104.0,0.0,104.0
S Randiv,2.0,4.0,4.0,1.0,1.0,0.0,0.0,50.0,2.0,8.0,180.0,223.0,30.0,7.433333333333334,0.0,224.0,224.0
S Sandeep Warrier,0.0,0.0,0.0,0.0,0.0,0.0,0.0,0.0,0.0,2.0,106.0,135.0,17.4,7.641509433962264,0.0,50.0,50.0
S Sohal,368.0,311.0,311.0,18.0,20.0,34.0,18.0,118.32797427652733,20.444444444444443,0.0,0.0,0.0,0.0,0.0,430.0,0.0,430.0
S Sreesanth,34.0,57.0,57.0,3.0,12.0,6.0,0.0,59.64912280701754,11.333333333333334,43.0,947.0,1221.0,157.5,7.736008447729672,38.0,1099.0,1137.0
S Sriram,31.0,38.0,38.0,2.0,2.0,3.0,0.0,81.57894736842105,15.5,0.0,18.0,49.0,3.0,16.333333333333332,34.0,-4.0,30.0
S Tyagi,3.0,4.0,4.0,0.0,1.0,0.0,0.0,75.0,3.0,6.0,220.0,304.0,36.4,8.290909090909091,3.0,174.0,177.0
S Vidyut,145.0,115.0,115.0,8.0,8.0,21.0,3.0,126.08695652173914,18.125,1.0,13.0,22.0,2.1,10.153846153846155,184.0,23.0,207.0
SA Abbott,22.0,18.0,18.0,2.0,3.0,1.0,2.0,122.22222222222223,11.0,1.0,59.0,104.0,9.5,10.576271186440678,23.0,23.0,46.0
SA Asnodkar,423.0,352.0,352.0,19.0,19.0,56.0,10.0,120.17045454545455,22.263157894736842,0.0,0.0,0.0,0.0,0.0,489.0,0.0,489.0
SA Yadav,2644.0,1973.0,1973.0,88.0,108.0,284.0,84.0,134.0091231626964,30.045454545454547,0.0,6.0,8.0,1.0,8.0,2948.0,0.0,2948.0
SB Bangar,49.0,58.0,58.0,6.0,7.0,1.0,3.0,84.48275862068965,8.166666666666666,6.0,153.0,221.0,25.3,8.666666666666666,48.0,174.0,222.0
SB Jakati,28.0,30.0,30.0,2.0,5.0,3.0,0.0,93.33333333333333,14.0,50.0,1101.0,1474.0,183.3,8.032697547683924,27.0,1274.0,1301.0
SB Joshi,6.0,16.0,16.0,2.0,2.0,0.0,0.0,37.5,3.0,1.0,55.0,82.0,9.1,8.945454545454545,2.0,25.0,27.0
SB Styris,131.0,134.0,134.0,7.0,10.0,10.0,3.0,97.76119402985076,18.714285714285715,9.0,222.0,278.0,37.0,7.513513513513513,161.0,249.0,410.0
SB Wagh,2.0,3.0,3.0,2.0,2.0,0.0,0.0,66.66666666666666,1.0,5.0,108.0,147.0,18.0,8.166666666666666,-2.0,149.0,147.0
SC Ganguly,1349.0,1326.0,1326.0,54.0,56.0,137.0,42.0,101.73453996983409,24.98148148148148,12.0,280.0,370.0,46.4,7.928571428571429,1490.0,324.0,1814.0
SC Kuggeleijn,0.0,0.0,0.0,0.0,0.0,0.0,0.0,0.0,0.0,2.0,50.0,71.0,8.2,8.52,0.0,50.0,50.0
SD Chitnis,99.0,92.0,92.0,7.0,8.0,10.0,2.0,107.6086956521739,14.142857142857142,2.0,38.0,62.0,6.2,9.789473684210527,111.0,48.0,159.0
SD Lad,15.0,13.0,13.0,1.0,1.0,1.0,1.0,115.38461538461537,15.0,0.0,0.0,0.0,0.0,0.0,16.0,0.0,16.0
SE Bond,1.0,2.0,2.0,1.0,1.0,0.0,0.0,50.0,1.0,9.0,191.0,225.0,31.5,7.068062827225131,-1.0,249.0,248.0
SE Marsh,2489.0,1913.0,1913.0,65.0,69.0,269.0,78.0,130.10977522216413,38.292307692307695,0.0,0.0,0.0,0.0,0.0,2812.0,0.0,2812.0
SE Rutherford,106.0,107.0,107.0,7.0,9.0,3.0,8.0,99.06542056074767,15.142857142857142,1.0,46.0,60.0,7.4,7.826086956521739,139.0,25.0,164.0
SJ Srivastava,5.0,5.0,5.0,1.0,4.0,0.0,0.0,100.0,5.0,15.0,306.0,444.0,51.0,8.705882352941176,3.0,399.0,402.0
SK Raina,5536.0,4177.0,4177.0,168.0,200.0,506.0,204.0,132.53531242518554,32.95238095238095,30.0,930.0,1139.0,155.0,7.348387096774194,6142.0,774.0,6916.0
SK Trivedi,42.0,61.0,61.0,8.0,14.0,3.0,1.0,68.85245901639344,5.25,73.0,1557.0,1944.0,259.3,7.491329479768786,35.0,1849.0,1884.0
SK Warne,198.0,219.0,219.0,19.0,27.0,14.0,6.0,90.41095890410958,10.421052631578947,60.0,1223.0,1465.0,203.5,7.187244480784955,214.0,1524.0,1738.0
SL Malinga,88.0,103.0,103.0,12.0,20.0,6.0,5.0,85.43689320388349,7.333333333333333,188.0,2974.0,3486.0,495.4,7.032952252858103,92.0,4724.0,4816.0
SM Boland,0.0,0.0,0.0,0.0,0.0,0.0,0.0,0.0,0.0,3.0,43.0,56.0,7.1,7.813953488372093,0.0,83.0,83.0
SM Curran,337.0,230.0,230.0,15.0,23.0,30.0,18.0,146.52173913043478,22.466666666666665,35.0,681.0,1005.0,113.3,8.854625550660794,401.0,899.0,1300.0
SM Harwood,9.0,14.0,14.0,0.0,2.0,0.0,0.0,64.28571428571429,9.0,3.0,67.0,74.0,11.1,6.6268656716417915,9.0,83.0,92.0
SM Katich,241.0,191.0,191.0,10.0,11.0,26.0,8.0,126.17801047120419,24.1,0.0,0.0,0.0,0.0,0.0,291.0,0.0,291.0
SM Pollock,147.0,116.0,116.0,8.0,8.0,12.0,8.0,126.72413793103448,18.375,13.0,280.0,307.0,46.4,6.578571428571429,187.0,349.0,536.0
SMSM Senanayake,10.0,17.0,17.0,1.0,4.0,0.0,0.0,58.82352941176471,10.0,9.0,195.0,211.0,32.3,6.492307692307692,8.0,249.0,257.0
SN Khan,532.0,394.0,394.0,25.0,32.0,59.0,13.0,135.0253807106599,21.28,0.0,2.0,6.0,0.2,18.0,595.0,0.0,595.0
SN Thakur,173.0,138.0,138.0,14.0,23.0,12.0,8.0,125.36231884057972,12.357142857142858,88.0,1650.0,2371.0,275.0,8.621818181818181,201.0,2224.0,2425.0
SO Hetmyer,831.0,577.0,577.0,26.0,43.0,55.0,52.0,144.0207972270364,31.96153846153846,0.0,0.0,0.0,0.0,0.0,966.0,0.0,966.0
SP Fleming,196.0,171.0,171.0,9.0,10.0,27.0,3.0,114.61988304093566,21.77777777777778,0.0,0.0,0.0,0.0,0.0,239.0,0.0,239.0
SP Goswami,293.0,307.0,307.0,20.0,21.0,32.0,3.0,95.43973941368078,14.65,0.0,0.0,0.0,0.0,0.0,319.0,0.0,319.0
SP Jackson,61.0,57.0,57.0,6.0,8.0,5.0,1.0,107.01754385964912,10.166666666666666,0.0,0.0,0.0,0.0,0.0,68.0,0.0,68.0
SP Narine,1025.0,664.0,664.0,64.0,82.0,112.0,63.0,154.36746987951807,16.015625,171.0,3516.0,3907.0,586.0,6.667235494880546,1163.0,4299.0,5462.0
SPD Smith,2495.0,1999.0,1999.0,78.0,93.0,226.0,60.0,124.81240620310155,31.987179487179485,0.0,2.0,5.0,0.2,15.0,2713.0,0.0,2713.0
SR Tendulkar,2334.0,2044.0,2044.0,71.0,78.0,296.0,29.0,114.18786692759295,32.87323943661972,0.0,37.0,59.0,6.1,9.567567567567567,2574.0,-2.0,2572.0
SR Watson,3880.0,2892.0,2892.0,126.0,141.0,377.0,190.0,134.1632088520055,30.793650793650794,107.0,2137.0,2742.0,356.1,7.698642957416939,4413.0,2699.0,7112.0
SS Agarwal,0.0,0.0,0.0,0.0,0.0,0.0,0.0,0.0,0.0,1.0,24.0,42.0,4.0,10.5,0.0,23.0,23.0
SS Cottrell,0.0,2.0,2.0,1.0,1.0,0.0,0.0,0.0,0.0,6.0,131.0,177.0,21.5,8.106870229007635,-2.0,174.0,172.0
SS Iyer,2780.0,2295.0,2295.0,93.0,100.0,238.0,99.0,121.13289760348584,29.892473118279568,0.0,6.0,7.0,1.0,7.0,3058.0,0.0,3058.0
SS Mundhe,0.0,0.0,0.0,0.0,0.0,0.0,0.0,0.0,0.0,1.0,7.0,6.0,1.1,5.142857142857142,0.0,25.0,25.0
SS Prabhudessai,67.0,62.0,62.0,5.0,5.0,7.0,2.0,108.06451612903226,13.4,0.0,0.0,0.0,0.0,0.0,80.0,0.0,80.0
SS Sarkar,0.0,0.0,0.0,0.0,0.0,0.0,0.0,0.0,0.0,1.0,25.0,34.0,4.1,8.16,0.0,25.0,25.0
SS Shaikh,6.0,7.0,7.0,0.0,1.0,1.0,0.0,85.71428571428571,6.0,0.0,0.0,0.0,0.0,0.0,7.0,0.0,7.0
SS Tiwary,1494.0,1291.0,1291.0,50.0,73.0,111.0,50.0,115.72424477149497,29.88,0.0,0.0,0.0,0.0,0.0,1633.0,0.0,1633.0
ST Jayasuriya,768.0,573.0,573.0,29.0,30.0,84.0,39.0,134.03141361256544,26.482758620689655,16.0,301.0,396.0,50.1,7.893687707641196,900.0,424.0,1324.0
STR Binny,880.0,700.0,700.0,44.0,66.0,66.0,35.0,125.71428571428571,20.0,28.0,611.0,763.0,101.5,7.4926350245499185,956.0,724.0,1680.0
SV Samson,3526.0,2663.0,2663.0,119.0,133.0,279.0,158.0,132.40705970709726,29.630252100840337,0.0,0.0,0.0,0.0,0.0,3911.0,0.0,3911.0
SW Billings,503.0,399.0,399.0,26.0,27.0,40.0,20.0,126.06516290726817,19.346153846153847,0.0,0.0,0.0,0.0,0.0,559.0,0.0,559.0
SW Tait,23.0,26.0,26.0,3.0,5.0,1.0,1.0,88.46153846153845,7.666666666666667,26.0,534.0,668.0,89.0,7.50561797752809,20.0,674.0,694.0
Sachin Baby,144.0,123.0,123.0,10.0,11.0,11.0,5.0,117.07317073170731,14.4,3.0,10.0,8.0,1.4,4.8,173.0,83.0,256.0
Salman Butt,193.0,172.0,172.0,7.0,7.0,30.0,2.0,112.20930232558139,27.571428571428573,0.0,0.0,0.0,0.0,0.0,241.0,0.0,241.0
Sandeep Sharma,52.0,66.0,66.0,5.0,23.0,4.0,0.0,78.78787878787878,10.4,123.0,2399.0,3046.0,399.5,7.618174239266361,58.0,3099.0,3157.0
Shahbaz Ahmed,279.0,253.0,253.0,15.0,19.0,18.0,11.0,110.27667984189723,18.6,13.0,341.0,478.0,56.5,8.410557184750733,317.0,349.0,666.0
Shahid Afridi,81.0,46.0,46.0,8.0,9.0,7.0,6.0,176.08695652173913,10.125,9.0,185.0,237.0,30.5,7.686486486486487,96.0,249.0,345.0
Shakib Al Hasan,795.0,665.0,665.0,40.0,52.0,73.0,21.0,119.54887218045114,19.875,71.0,1515.0,1864.0,252.3,7.3821782178217825,858.0,1799.0,2657.0
Shashank Singh,69.0,47.0,47.0,4.0,5.0,5.0,4.0,146.80851063829786,17.25,0.0,13.0,20.0,2.1,9.230769230769232,86.0,-2.0,84.0
Shivam Mavi,51.0,58.0,58.0,9.0,11.0,4.0,2.0,87.93103448275862,5.666666666666667,33.0,687.0,958.0,114.3,8.366812227074236,53.0,849.0,902.0
Shivam Sharma,5.0,3.0,3.0,1.0,2.0,1.0,0.0,166.66666666666669,5.0,4.0,114.0,165.0,19.0,8.68421052631579,4.0,108.0,112.0
Shoaib Ahmed,1.0,6.0,6.0,2.0,3.0,0.0,0.0,16.666666666666664,0.5,5.0,103.0,154.0,17.1,8.970873786407767,-3.0,149.0,146.0
Shoaib Akhtar,2.0,8.0,8.0,1.0,1.0,0.0,0.0,25.0,2.0,5.0,46.0,54.0,7.4,7.0434782608695645,0.0,149.0,149.0
Shoaib Malik,52.0,49.0,49.0,4.0,5.0,5.0,0.0,106.12244897959184,13.0,2.0,58.0,87.0,9.4,9.0,61.0,50.0,111.0
Shubman Gill,1900.0,1555.0,1555.0,59.0,70.0,188.0,47.0,122.18649517684888,32.20338983050848,0.0,0.0,0.0,0.0,0.0,2092.0,0.0,2092.0
Simarjeet Singh,7.0,8.0,8.0,1.0,3.0,0.0,0.0,87.5,7.0,4.0,113.0,143.0,18.5,7.592920353982302,5.0,108.0,113.0
Sohail Tanvir,36.0,31.0,31.0,3.0,5.0,3.0,1.0,116.12903225806453,12.0,24.0,265.0,275.0,44.1,6.226415094339623,39.0,624.0,663.0
Sunny Gupta,0.0,1.0,1.0,1.0,1.0,0.0,0.0,0.0,0.0,0.0,19.0,47.0,3.1,14.842105263157896,-2.0,-4.0,-6.0
Sunny Singh,43.0,31.0,31.0,4.0,5.0,6.0,1.0,138.70967741935485,10.75,0.0,0.0,0.0,0.0,0.0,47.0,0.0,47.0
Swapnil Singh,12.0,20.0,20.0,3.0,3.0,0.0,0.0,60.0,4.0,1.0,61.0,90.0,10.1,8.852459016393443,6.0,25.0,31.0
T Banton,18.0,22.0,22.0,2.0,2.0,1.0,1.0,81.81818181818183,9.0,0.0,0.0,0.0,0.0,0.0,17.0,0.0,17.0
T Henderson,11.0,16.0,16.0,1.0,2.0,0.0,1.0,68.75,11.0,1.0,36.0,41.0,6.0,6.833333333333333,11.0,25.0,36.0
T Kohli,11.0,20.0,20.0,3.0,3.0,0.0,1.0,55.00000000000001,3.6666666666666665,0.0,0.0,0.0,0.0,0.0,7.0,0.0,7.0
T Natarajan,3.0,5.0,5.0,0.0,2.0,0.0,0.0,60.0,3.0,43.0,793.0,1116.0,132.1,8.443883984867592,3.0,1099.0,1102.0
T Shamsi,2.0,4.0,4.0,0.0,1.0,0.0,0.0,50.0,2.0,3.0,120.0,185.0,20.0,9.25,2.0,81.0,83.0
T Stubbs,2.0,4.0,4.0,1.0,2.0,0.0,0.0,50.0,2.0,0.0,0.0,0.0,0.0,0.0,0.0,0.0,0.0
T Taibu,31.0,26.0,26.0,3.0,3.0,3.0,0.0,119.23076923076923,10.333333333333334,0.0,0.0,0.0,0.0,0.0,32.0,0.0,32.0
T Thushara,12.0,19.0,19.0,2.0,4.0,0.0,0.0,63.1578947368421,6.0,10.0,144.0,164.0,24.0,6.833333333333333,8.0,274.0,282.0
TA Boult,53.0,49.0,49.0,5.0,14.0,2.0,2.0,108.16326530612245,10.6,99.0,1860.0,2522.0,310.0,8.135483870967741,61.0,2499.0,2560.0
TD Paine,10.0,29.0,29.0,2.0,2.0,0.0,0.0,34.48275862068966,5.0,0.0,0.0,0.0,0.0,0.0,6.0,0.0,6.0
TG Southee,120.0,108.0,108.0,11.0,19.0,8.0,4.0,111.11111111111111,10.909090909090908,55.0,1226.0,1695.0,204.2,8.2952691680261,142.0,1399.0,1541.0
TH David,187.0,94.0,94.0,7.0,9.0,12.0,16.0,198.93617021276594,26.714285714285715,0.0,0.0,0.0,0.0,0.0,245.0,0.0,245.0
TK Curran,127.0,108.0,108.0,5.0,10.0,10.0,3.0,117.59259259259258,25.4,13.0,252.0,432.0,42.0,10.285714285714286,161.0,347.0,508.0
TL Seifert,26.0,26.0,26.0,3.0,3.0,4.0,0.0,100.0,8.666666666666666,0.0,0.0,0.0,0.0,0.0,24.0,0.0,24.0
TL Suman,676.0,587.0,587.0,30.0,39.0,55.0,26.0,115.1618398637138,22.533333333333335,7.0,152.0,198.0,25.2,7.815789473684211,751.0,199.0,950.0
TM Dilshan,1153.0,1047.0,1047.0,41.0,50.0,140.0,24.0,110.12416427889207,28.121951219512194,5.0,275.0,368.0,45.5,8.02909090909091,1287.0,149.0,1436.0
TM Head,205.0,151.0,151.0,6.0,10.0,12.0,8.0,135.76158940397352,34.166666666666664,3.0,48.0,81.0,8.0,10.125,249.0,81.0,330.0
TM Srivastava,8.0,11.0,11.0,1.0,3.0,0.0,0.0,72.72727272727273,8.0,0.0,0.0,0.0,0.0,0.0,6.0,0.0,6.0
TP Sudhindra,0.0,0.0,0.0,0.0,0.0,0.0,0.0,0.0,0.0,1.0,74.0,137.0,12.2,11.108108108108107,0.0,21.0,21.0
TR Birt,75.0,59.0,59.0,5.0,5.0,9.0,2.0,127.11864406779661,15.0,0.0,0.0,0.0,0.0,0.0,90.0,0.0,90.0
TS Mills,8.0,14.0,14.0,4.0,5.0,0.0,1.0,57.14285714285714,2.0,11.0,218.0,349.0,36.2,9.605504587155963,2.0,297.0,299.0
TU Deshpande,21.0,12.0,12.0,1.0,2.0,2.0,1.0,175.0,21.0,4.0,153.0,260.0,25.3,10.196078431372548,23.0,106.0,129.0
Tejas Baroka,0.0,0.0,0.0,0.0,0.0,0.0,0.0,0.0,0.0,0.0,21.0,33.0,3.3,9.428571428571429,0.0,-2.0,-2.0
Tilak Varma,397.0,313.0,313.0,10.0,14.0,29.0,16.0,126.83706070287539,39.7,0.0,12.0,13.0,2.0,6.5,466.0,0.0,466.0
U Kaul,0.0,1.0,1.0,0.0,1.0,0.0,0.0,0.0,0.0,0.0,0.0,0.0,0.0,0.0,0.0,0.0,0.0
UA Birla,7.0,15.0,15.0,1.0,1.0,1.0,0.0,46.666666666666664,7.0,0.0,0.0,0.0,0.0,0.0,6.0,0.0,6.0
UBT Chand,300.0,314.0,314.0,20.0,20.0,32.0,9.0,95.54140127388536,15.0,0.0,0.0,0.0,0.0,0.0,338.0,0.0,338.0
UT Khawaja,127.0,105.0,105.0,5.0,6.0,14.0,3.0,120.95238095238095,25.4,0.0,0.0,0.0,0.0,0.0,165.0,0.0,165.0
UT Yadav,177.0,176.0,176.0,18.0,41.0,15.0,8.0,100.56818181818181,9.833333333333334,153.0,2945.0,4041.0,490.5,8.232937181663837,200.0,3849.0,4049.0
Umar Gul,39.0,19.0,19.0,3.0,4.0,1.0,5.0,205.26315789473685,13.0,14.0,153.0,198.0,25.3,7.764705882352941,48.0,374.0,422.0
Umran Malik,4.0,8.0,8.0,1.0,4.0,0.0,0.0,50.0,4.0,25.0,388.0,551.0,64.4,8.52061855670103,2.0,649.0,651.0
V Kohli,6634.0,5266.0,5266.0,193.0,215.0,581.0,219.0,125.97797189517661,34.373056994818654,5.0,264.0,371.0,44.0,8.431818181818182,7295.0,149.0,7444.0
V Pratap Singh,0.0,1.0,1.0,1.0,1.0,0.0,0.0,0.0,0.0,12.0,211.0,300.0,35.1,8.530805687203792,-2.0,324.0,322.0
V Sehwag,2728.0,1833.0,1833.0,98.0,104.0,334.0,106.0,148.82705946535734,27.836734693877553,6.0,138.0,236.0,23.0,10.26086956521739,3106.0,172.0,3278.0
V Shankar,731.0,616.0,616.0,30.0,41.0,46.0,28.0,118.66883116883118,24.366666666666667,12.0,258.0,344.0,43.0,8.0,801.0,324.0,1125.0
VG Arora,5.0,14.0,14.0,2.0,4.0,0.0,0.0,35.714285714285715,2.5,4.0,110.0,165.0,18.2,9.0,1.0,108.0,109.0
VH Zol,29.0,26.0,26.0,2.0,2.0,3.0,1.0,111.53846153846155,14.5,0.0,0.0,0.0,0.0,0.0,30.0,0.0,30.0
VR Aaron,50.0,73.0,73.0,4.0,12.0,2.0,2.0,68.4931506849315,12.5,46.0,1065.0,1527.0,177.3,8.60281690140845,60.0,1174.0,1234.0
VR Iyer,552.0,474.0,474.0,20.0,22.0,54.0,21.0,116.45569620253164,27.6,3.0,78.0,117.0,13.0,9.0,636.0,83.0,719.0
VRV Singh,4.0,3.0,3.0,1.0,2.0,1.0,0.0,133.33333333333331,4.0,16.0,371.0,549.0,61.5,8.878706199460916,3.0,424.0,427.0
VS Malik,7.0,7.0,7.0,1.0,2.0,1.0,0.0,100.0,7.0,6.0,212.0,268.0,35.2,7.584905660377358,6.0,174.0,180.0
VS Yeligati,2.0,2.0,2.0,1.0,1.0,0.0,0.0,100.0,2.0,0.0,32.0,61.0,5.2,11.4375,0.0,-4.0,-4.0
VVS Laxman,282.0,271.0,271.0,16.0,20.0,33.0,5.0,104.0590405904059,17.625,0.0,0.0,0.0,0.0,0.0,321.0,0.0,321.0
VY Mahesh,15.0,28.0,28.0,2.0,5.0,0.0,0.0,53.57142857142857,7.5,22.0,359.0,511.0,59.5,8.540389972144846,11.0,574.0,585.0
Virat Singh,15.0,26.0,26.0,3.0,2.0,1.0,0.0,57.692307692307686,5.0,0.0,0.0,0.0,0.0,0.0,10.0,0.0,10.0
Vishnu Vinod,19.0,26.0,26.0,3.0,3.0,1.0,1.0,73.07692307692307,6.333333333333333,0.0,0.0,0.0,0.0,0.0,16.0,0.0,16.0
W Jaffer,130.0,129.0,129.0,7.0,8.0,14.0,3.0,100.7751937984496,18.571428571428573,0.0,0.0,0.0,0.0,0.0,164.0,0.0,164.0
WA Mota,56.0,76.0,76.0,5.0,8.0,2.0,0.0,73.68421052631578,11.2,4.0,75.0,98.0,12.3,7.84,60.0,108.0,168.0
WD Parnell,63.0,80.0,80.0,9.0,12.0,4.0,1.0,78.75,7.0,31.0,601.0,731.0,100.1,7.29783693843594,63.0,799.0,862.0
WP Saha,2427.0,1951.0,1951.0,96.0,117.0,231.0,76.0,124.39774474628396,25.28125,0.0,0.0,0.0,0.0,0.0,2646.0,0.0,2646.0
WPUJC Vaas,81.0,73.0,73.0,7.0,11.0,2.0,3.0,110.95890410958904,11.571428571428571,22.0,288.0,364.0,48.0,7.583333333333333,87.0,574.0,661.0
Washington Sundar,318.0,278.0,278.0,23.0,32.0,26.0,9.0,114.38848920863309,13.826086956521738,35.0,928.0,1116.0,154.4,7.2155172413793105,344.0,899.0,1243.0
X Thalaivan Sargunam,10.0,17.0,17.0,1.0,1.0,0.0,0.0,58.82352941176471,10.0,0.0,0.0,0.0,0.0,0.0,8.0,0.0,8.0
Y Gnaneswara Rao,19.0,18.0,18.0,1.0,1.0,3.0,0.0,105.55555555555556,19.0,0.0,6.0,7.0,1.0,7.0,20.0,0.0,20.0
Y Nagar,285.0,271.0,271.0,15.0,20.0,20.0,9.0,105.1660516605166,19.0,4.0,72.0,125.0,12.0,10.416666666666666,321.0,106.0,427.0
Y Prithvi Raj,0.0,1.0,1.0,0.0,1.0,0.0,0.0,0.0,0.0,1.0,33.0,57.0,5.3,10.363636363636363,0.0,23.0,23.0
Y Venugopal Rao,985.0,865.0,865.0,42.0,52.0,77.0,37.0,113.87283236994219,23.452380952380953,7.0,222.0,338.0,37.0,9.135135135135135,1080.0,197.0,1277.0
YA Abdulla,0.0,1.0,1.0,0.0,1.0,0.0,0.0,0.0,0.0,15.0,222.0,311.0,37.0,8.405405405405405,0.0,399.0,399.0
YBK Jaiswal,547.0,410.0,410.0,23.0,23.0,62.0,22.0,133.41463414634148,23.782608695652176,0.0,1.0,6.0,0.1,36.0,635.0,0.0,635.0
YK Pathan,3222.0,2334.0,2334.0,111.0,153.0,263.0,161.0,138.04627249357327,29.027027027027028,46.0,1184.0,1443.0,197.2,7.3125,3613.0,1174.0,4787.0
YS Chahal,37.0,89.0,89.0,6.0,17.0,0.0,0.0,41.57303370786517,6.166666666666667,172.0,2940.0,3699.0,490.0,7.548979591836734,29.0,4324.0,4353.0
YV Takawale,192.0,183.0,183.0,8.0,10.0,26.0,3.0,104.91803278688525,24.0,0.0,0.0,0.0,0.0,0.0,236.0,0.0,236.0
Yash Dayal,0.0,1.0,1.0,1.0,1.0,0.0,0.0,0.0,0.0,13.0,205.0,296.0,34.1,8.663414634146342,-2.0,349.0,347.0
Yashpal Singh,47.0,67.0,67.0,4.0,4.0,5.0,0.0,70.1492537313433,11.75,0.0,0.0,0.0,0.0,0.0,48.0,0.0,48.0
Younis Khan,3.0,7.0,7.0,1.0,1.0,0.0,0.0,42.857142857142854,3.0,0.0,0.0,0.0,0.0,0.0,1.0,0.0,1.0
Yuvraj Singh,2754.0,2207.0,2207.0,109.0,126.0,218.0,149.0,124.78477571363842,25.26605504587156,39.0,882.0,1091.0,147.0,7.421768707482993,3080.0,999.0,4079.0
Z Khan,117.0,141.0,141.0,15.0,27.0,11.0,2.0,82.97872340425532,7.8,119.0,2276.0,2860.0,379.2,7.539543057996485,130.0,2999.0,3129.0
